Full Name,Phone,email,Age,Experience,Yearly Income,Has children,License states,Expiration date,License number
Ray Arnaldy,221-804-7987,rarnaldy0@weather.com,52,3,67,true,Tor,4/1/2021,6346084186
Niki Gobeau,140-957-6044,ngobeau1@github.io,72,58,34,false,Stockholm,10/15/2020,5067359641
Deck Perfili,310-359-6609,dperfili2@msn.com,51,31,93,true,Baimiao,4/15/2020,8139267961
Avivah Meharg,680-170-8199,ameharg3@google.cn,20,75,59,false,Libog,4/3/2021,9087847149
Hastie Winterbottom,513-591-7938,hwinterbottom4@google.nl,73,16,57,false,Cisaat,2/28/2021,7944197333
Gwendolen Flinders,839-882-9317,gflinders5@xinhuanet.com,86,15,86,true,Mulhouse,1/9/2021,6507560847
Amandi Baggelley,251-212-3580,abaggelley6@hc360.com,8,70,52,false,Neftegorsk,1/20/2021,8627585504
Winston Rushmare,633-775-5607,wrushmare7@soundcloud.com,5,59,94,false,Korczew,3/16/2021,9395941294
Michele Qualtrough,868-510-9847,mqualtrough8@jimdo.com,61,72,84,true,Choushui,3/8/2021,3913565892
Carlita Abell,633-311-9482,cabell9@google.com,81,96,94,true,Sukamahi Satu,5/24/2020,8380803094
Gale Jozsef,127-799-6853,gjozsefa@bing.com,44,73,80,false,Wolin,4/4/2021,5408031306
Tiphani Patrono,175-735-4278,tpatronob@aboutads.info,88,77,100,false,Phra Phrom,7/10/2020,2945286432
Hedi Tosh,183-385-9570,htoshc@ibm.com,25,74,97,true,Paso de Indios,7/25/2020,0976249316
Wallie Ashbridge,101-780-9695,washbridged@slashdot.org,81,32,13,false,San Pedro,4/19/2020,4915573427
Bailey Backshell,794-582-9949,bbackshelle@cnn.com,21,21,93,true,Grenoble,11/16/2020,6086581673
Lovell Wadham,356-924-0117,lwadhamf@storify.com,34,41,67,false,La Cesira,5/25/2020,9693812840
Silvie Higford,312-374-1280,shigfordg@stanford.edu,27,61,87,false,Sugihmukti,1/11/2021,0841556830
Les Schutter,201-879-3601,lschutterh@barnesandnoble.com,69,38,39,true,Palangkaraya,1/28/2021,2029686875
Karin Heaffey,969-411-1063,kheaffeyi@tamu.edu,88,87,93,true,Lhasa,2/26/2021,9471097223
Marjory Bew,565-267-9485,mbewj@youku.com,16,40,52,true,Meru,4/29/2020,6845831963
Randi Gallardo,392-146-8225,rgallardok@dell.com,11,24,32,false,Pilar,5/12/2020,1178876101
Claudia Mikalski,508-971-2980,cmikalskil@drupal.org,29,19,98,true,Junqueiro,8/20/2020,0882587161
Godfree Balas,608-572-7194,gbalasm@nytimes.com,63,34,6,false,Drammen,1/25/2021,7416854059
Wilie McGrorty,359-277-0490,wmcgrortyn@liveinternet.ru,69,52,13,false,L'viv,11/12/2020,7604427529
Terri-jo Perceval,133-684-2315,tpercevalo@4shared.com,15,94,52,true,Dongla,3/13/2021,1604890622
Hamid Treharne,781-152-1256,htreharnep@dailymotion.com,43,40,11,false,Sexmoan,6/9/2020,2900479827
Alfonso Audus,959-560-8436,aaudusq@4shared.com,93,97,45,false,Caparrapí,1/25/2021,5674388113
Katti Long,823-751-2433,klongr@cyberchimps.com,56,1,6,true,Zigong,11/12/2020,3930125129
Louella Sygroves,535-483-7372,lsygrovess@slate.com,73,79,19,true,Kikuchi,5/16/2020,2927003068
Archibald Le Pine,819-635-2094,alet@go.com,100,68,38,true,Esquipulas,7/5/2020,0446985988
Ariel Barnsdall,436-382-3821,abarnsdallu@storify.com,36,71,38,false,Uzhhorod,11/22/2020,5800508178
Dillie Seabrocke,725-239-4431,dseabrockev@cisco.com,87,47,58,false,Garnich,1/11/2021,9391235107
Sterling Gard,759-995-6806,sgardw@ow.ly,94,99,23,false,Rogowo,1/9/2021,1078085935
Druci Knibley,103-398-7383,dknibleyx@cafepress.com,63,24,41,false,Padangulaktanding,7/22/2020,3621872604
Beryle Bellham,606-221-6610,bbellhamy@e-recht24.de,57,78,90,true,Batakte,7/21/2020,8764109690
Keene Sagrott,509-925-8191,ksagrottz@vkontakte.ru,33,48,18,true,Bayanhongor,5/22/2020,6128278906
Keven Wimlet,216-349-0915,kwimlet10@clickbank.net,55,97,76,true,Pecatu,8/25/2020,2285520204
Jessamyn Moreing,168-399-3371,jmoreing11@loc.gov,91,55,49,true,Huangqi,3/10/2021,0282285199
Alisun Atterley,713-546-3845,aatterley12@buzzfeed.com,57,49,86,false,San Pedro de Atacama,1/22/2021,8050936678
Kendell Dahmke,659-496-2025,kdahmke13@google.com.au,94,10,28,true,Weitang,8/21/2020,8702844257
Marta Tittershill,359-591-5915,mtittershill14@seesaa.net,33,5,77,true,Lazaro Cardenas,8/6/2020,2140334582
Everett Kaines,918-285-5819,ekaines15@businesswire.com,99,75,71,false,Espumoso,8/14/2020,7511784518
Emera Bultitude,538-816-8294,ebultitude16@prnewswire.com,81,21,33,false,Mikhaylovsk,1/31/2021,3436115835
Cammi Langdale,905-520-2042,clangdale17@t.co,97,90,22,true,Non Sang,6/21/2020,2205821377
Corry Feaks,412-533-6157,cfeaks18@sphinn.com,75,85,44,false,Asunción Mita,2/17/2021,0940014483
Shir Aronstein,198-541-7575,saronstein19@usgs.gov,99,51,98,true,Campos,5/9/2020,8321088724
Neel Studders,587-490-3687,nstudders1a@hatena.ne.jp,85,66,97,false,Wulong,4/15/2020,7063401041
Pris Renner,878-519-0883,prenner1b@drupal.org,42,22,95,true,Neuilly-sur-Seine,8/5/2020,0802753027
Belva Pigny,352-825-0603,bpigny1c@ehow.com,32,72,65,true,Wedoro,9/24/2020,4949845772
Emiline Morrissey,343-623-6851,emorrissey1d@com.com,82,22,16,true,Kurów,9/5/2020,6964016910
Ariel Heisman,543-672-9435,aheisman1e@usa.gov,66,75,33,true,Piura,7/31/2020,8523106405
Nat Lightollers,934-965-7750,nlightollers1f@msu.edu,14,70,46,false,Cicurug,3/6/2021,2049534299
Sandi Servis,317-334-3921,sservis1g@uol.com.br,9,36,4,true,Indianapolis,5/11/2020,6133621338
Junette Mariolle,826-887-6904,jmariolle1h@smugmug.com,84,84,46,true,Stradbally,12/14/2020,5634266432
Justin Loughrey,754-520-7460,jloughrey1i@globo.com,2,52,18,true,Rožna Dolina,3/29/2021,3553027371
Nial Jeffes,531-698-8180,njeffes1j@networkadvertising.org,54,81,96,false,Tamianglayang,10/26/2020,5427082069
Michell Danzey,783-374-4571,mdanzey1k@squidoo.com,19,26,55,true,Papágou,9/21/2020,6806307825
Kip Waplington,305-893-6042,kwaplington1l@blogtalkradio.com,92,13,1,true,Lazaro Cardenas,12/30/2020,1123772851
Gratia Pinkerton,813-878-0707,gpinkerton1m@adobe.com,85,99,83,false,Qingnianlu,4/5/2021,8531592747
Teodoro Coase,910-486-0693,tcoase1n@ycombinator.com,40,14,42,false,Libao,6/16/2020,9498403341
Tana Keegan,534-374-1419,tkeegan1o@bing.com,81,88,58,true,Valka,6/28/2020,2833424310
Denna Ottee,972-280-7126,dottee1p@wikispaces.com,98,49,1,false,Krajan Pundungsari,11/1/2020,2401868658
Avril Perchard,103-880-2159,aperchard1q@elpais.com,25,96,67,true,Tangwang,9/1/2020,1657326713
Herman Matteini,535-783-9883,hmatteini1r@amazonaws.com,76,98,49,true,Pointe Michel,12/31/2020,4221732628
Doralynne Whitehair,409-280-5653,dwhitehair1s@4shared.com,57,87,92,true,Rotunda,5/30/2020,8533821506
Jesse Syratt,793-723-1902,jsyratt1t@cdc.gov,92,72,60,false,Meia Via,1/21/2021,9902702295
Joshia Norkett,411-999-9230,jnorkett1u@pbs.org,88,17,49,true,Lysychovo,9/3/2020,6981614707
Tallou Snead,171-450-2117,tsnead1v@examiner.com,92,54,51,true,Strumica,11/14/2020,2964370869
Van Longcake,905-474-6921,vlongcake1w@vinaora.com,89,97,9,false,Xinhe,1/7/2021,7035442634
Iona Sherr,313-566-2642,isherr1x@jugem.jp,5,37,31,true,Codoi,8/6/2020,4126129960
Angel Hannaway,586-356-5330,ahannaway1y@squidoo.com,4,49,36,false,Ia Kha,4/8/2021,0742718913
Marcellina Ellacombe,363-388-2029,mellacombe1z@mozilla.org,36,99,75,true,La Mesa,12/19/2020,2239818131
Ursola Schaumann,408-457-1025,uschaumann20@aol.com,41,55,51,false,Andalucía,9/3/2020,7700934975
Ellerey Ghidelli,510-700-6942,eghidelli21@yelp.com,38,54,11,false,Megalópoli,10/9/2020,2120943648
Lusa Castleman,546-720-8261,lcastleman22@washington.edu,60,65,94,false,Qiaoyi,9/12/2020,1867696711
Alia Ellcock,187-439-0454,aellcock23@umn.edu,19,55,18,false,Dajianchang,1/27/2021,3435895047
Hasty Aggas,378-230-1496,haggas24@weebly.com,87,64,88,false,Cisownica,6/28/2020,7943363728
Donn Brundrett,158-791-9843,dbrundrett25@ucoz.com,72,62,10,true,Trindade,10/6/2020,0837475740
Gerome Zipsell,106-434-9475,gzipsell26@bing.com,34,24,83,true,Tissa,10/9/2020,8937330458
Mord Prinnett,638-856-9069,mprinnett27@blinklist.com,34,74,22,true,Měcholupy,11/25/2020,4577299178
Arlin Parradye,144-522-9676,aparradye28@booking.com,90,79,47,false,København,9/23/2020,0267932987
Kati McMickan,281-928-3380,kmcmickan29@netscape.com,98,59,50,true,Duraykīsh,3/28/2021,8522125031
Eward Staveley,184-114-9024,estaveley2a@statcounter.com,26,74,83,true,Vila Franca,6/26/2020,5679693208
Jacky Chamberlen,106-640-8031,jchamberlen2b@howstuffworks.com,43,32,80,false,Nancy,9/17/2020,2115867475
Esra Thomasset,426-742-5029,ethomasset2c@mac.com,56,21,97,true,Marigot,9/16/2020,3352305587
Borg Asling,827-702-8789,basling2d@usda.gov,55,76,54,false,Nkandla,5/21/2020,8023728334
Melodie Madner,403-811-2286,mmadner2e@cdc.gov,98,85,63,false,Nagornyy,4/7/2021,1641224576
Jill Alcalde,718-867-9821,jalcalde2f@walmart.com,28,43,64,true,Ajaccio,5/26/2020,9803343696
Creight Heyworth,225-722-7964,cheyworth2g@cbslocal.com,6,20,97,true,Lisala,4/22/2020,7400361554
Natale Bellenie,382-579-3336,nbellenie2h@mysql.com,31,19,4,false,Janeng,11/18/2020,2063440808
Ferdie Insall,795-126-1195,finsall2i@google.fr,75,57,46,true,Gubskaya,10/19/2020,6325379659
Elwyn Whitwam,981-939-9874,ewhitwam2j@springer.com,66,36,53,false,Saint John,10/5/2020,9947618935
Donnamarie Kalinsky,479-752-2975,dkalinsky2k@utexas.edu,97,56,100,true,Pom Prap Sattru Phai,10/3/2020,9893308232
Modestia Holdall,781-458-5867,mholdall2l@typepad.com,60,54,5,true,Paipa,9/30/2020,6950524641
Lu Neesam,845-451-6480,lneesam2m@umn.edu,90,81,39,false,Kavieng,4/8/2021,5245424592
Rudie Polden,359-937-5803,rpolden2n@reverbnation.com,45,63,19,true,Ganjiachang,11/15/2020,0202107132
Kiah Botterman,853-180-7082,kbotterman2o@discuz.net,11,58,13,false,Dzoraghbyur,2/25/2021,7327039066
Josephina Maltby,507-316-1772,jmaltby2p@si.edu,46,5,77,false,Georgīevka,3/11/2021,7666677774
Graeme Glave,729-525-6499,gglave2q@pbs.org,11,26,56,false,Xiugu,2/27/2021,4844896768
Marta Timperley,600-850-7166,mtimperley2r@ehow.com,17,81,28,true,Višňové,8/12/2020,2686332891
Marrissa Treadger,719-204-5196,mtreadger2s@google.de,52,20,67,true,Kushtia,10/7/2020,5692373319
Mathilda Cosley,343-714-3992,mcosley2t@epa.gov,16,100,72,false,Durazno,4/28/2020,3913928758
Aurelea Trowbridge,831-980-0101,atrowbridge2u@fda.gov,91,16,59,false,Hällefors,3/21/2021,3082004032
Jacky Woodham,893-365-1979,jwoodham2v@google.it,98,46,21,true,Granadero Baigorria,12/22/2020,3562530722
Rad Hinckley,466-146-0188,rhinckley2w@toplist.cz,43,37,15,true,Rychtal,12/29/2020,7398059353
Muhammad Cullip,504-836-4465,mcullip2x@weebly.com,19,87,18,false,Jiazi,8/15/2020,4243085455
Mead Buckwell,608-564-8589,mbuckwell2y@cyberchimps.com,33,59,65,true,Santiago Vázquez,7/6/2020,6353583842
Manya Fearn,518-711-4028,mfearn2z@sohu.com,77,9,41,false,Ágio Pnévma,5/4/2020,1065441681
Charmane Topes,476-774-1443,ctopes30@mtv.com,91,64,90,true,Camaçari,7/27/2020,2754468110
Borden Crucitti,340-318-5844,bcrucitti31@artisteer.com,2,95,27,false,Palena,9/21/2020,7589572039
Astra Le Merchant,796-766-8610,ale32@wunderground.com,55,27,52,false,Jawhar,10/14/2020,9501477398
Margareta Hollyman,469-581-3525,mhollyman33@google.com.au,1,51,1,false,Loughrea,12/19/2020,3789783781
Austin Lindeberg,588-690-1603,alindeberg34@over-blog.com,3,89,75,true,Tsirang,9/14/2020,3083628293
Frayda Janway,986-151-3975,fjanway35@dropbox.com,33,99,92,true,Lagoa,12/26/2020,9696063652
Cris Hodcroft,432-379-1786,chodcroft36@tinypic.com,55,11,32,false,Budta,3/18/2021,3725034079
Claiborne Woof,850-249-5457,cwoof37@independent.co.uk,21,9,13,true,Tvŭrditsa,1/17/2021,3533413799
Roanne Casson,125-282-8004,rcasson38@gizmodo.com,48,30,78,false,Huanghua,12/31/2020,1101379243
Sheri Croneen,204-818-0872,scroneen39@goo.ne.jp,44,87,98,false,Chmielno,9/6/2020,8654251085
Cly Gronow,898-149-4541,cgronow3a@hhs.gov,1,37,77,true,El Limon,1/15/2021,8265998902
Talya Winning,571-972-3769,twinning3b@youku.com,84,14,1,false,Guihing Proper,5/28/2020,9867647955
Devlen Klemt,867-627-3257,dklemt3c@nasa.gov,52,51,12,true,Youludu Sibage,1/27/2021,5742217676
Salaidh Hughesdon,237-161-7744,shughesdon3d@sciencedaily.com,86,73,36,false,Baião,1/1/2021,3348096944
Decca Younge,367-482-8155,dyounge3e@latimes.com,31,28,5,true,Banda Layung,1/8/2021,0032258763
Sibella Dennick,498-864-4813,sdennick3f@utexas.edu,56,57,70,true,La Ensenada,12/26/2020,7997834966
Aubert Rigden,570-519-4653,arigden3g@histats.com,68,54,88,false,Borbon,3/25/2021,8251367964
Linda Fairbanks,702-313-2760,lfairbanks3h@cbsnews.com,62,34,77,true,Segodim,10/2/2020,8497834372
Siouxie Tonks,164-825-6247,stonks3i@vimeo.com,44,61,19,true,Guohe,12/14/2020,7891631069
Christa Janout,688-802-5790,cjanout3j@buzzfeed.com,11,18,84,true,São Cristóvão,6/15/2020,8202677564
Richmound Eales,532-308-8812,reales3k@ftc.gov,23,62,96,false,Yinyang,8/31/2020,8376189018
Hester Corter,654-273-1429,hcorter3l@bbb.org,91,18,100,true,Kaka,3/6/2021,1981662669
Dorry MacCallum,405-331-5560,dmaccallum3m@elegantthemes.com,39,100,96,false,Zhulebino,11/7/2020,7946585276
Christa Biggin,190-381-5263,cbiggin3n@so-net.ne.jp,89,23,64,false,Horad Pinsk,12/18/2020,2515895913
Peggie Neilan,826-251-2997,pneilan3o@mashable.com,1,48,14,true,Lloydminster,5/22/2020,5674412898
Cassi Epperson,905-945-5890,cepperson3p@com.com,66,83,27,false,Los Pinos,2/18/2021,7725787836
Cherri Nursey,574-652-1712,cnursey3q@scientificamerican.com,30,65,10,false,South Bend,9/14/2020,2552811906
Corby Duffil,642-663-7215,cduffil3r@ucoz.com,16,25,13,false,Tampocon,12/20/2020,1829943707
Baudoin Eskriett,264-415-3513,beskriett3s@sphinn.com,32,20,34,true,Kabasalan,12/28/2020,1742615538
Melanie Sansam,685-853-4223,msansam3t@mtv.com,59,3,25,true,Vostochnyy,5/8/2020,8640482993
Diannne Kearsley,450-856-9452,dkearsley3u@mapy.cz,55,56,33,true,San Juan,12/6/2020,8094047585
Maris Milthorpe,798-872-5867,mmilthorpe3v@privacy.gov.au,36,13,35,false,Banqiao,6/25/2020,8182904781
Albie Gerauld,223-859-2484,agerauld3w@squarespace.com,72,72,75,true,Wulan,10/26/2020,7504952044
Elbert Benbrick,799-337-2630,ebenbrick3x@yolasite.com,98,58,90,false,Jifarong,1/14/2021,3709445000
Tonnie Kasher,860-408-2342,tkasher3y@amazon.com,59,64,7,false,Rojas,12/20/2020,4934037470
Darrin Stainer,810-622-6738,dstainer3z@sakura.ne.jp,17,82,70,true,Makiyivka,1/20/2021,7984554684
Cassie Pexton,318-885-6563,cpexton40@indiatimes.com,12,47,91,false,Cabungan,9/23/2020,3135311449
Tristan Humbert,889-925-7036,thumbert41@mlb.com,52,95,55,false,Bentengjawa,5/3/2020,8608271982
Dunn Manson,232-174-1196,dmanson42@php.net,93,35,100,true,As Sulayyil,5/14/2020,4458507206
Jermain Tolcher,996-399-6812,jtolcher43@ibm.com,50,24,45,false,Phong Điền,2/11/2021,8605316209
Lorettalorna Creamer,700-946-7953,lcreamer44@istockphoto.com,31,85,35,false,Jaú,8/14/2020,1230826920
Delcine Bartak,790-816-7630,dbartak45@theatlantic.com,61,57,38,true,San Agustín,3/13/2021,0215091817
Kristin Summerhayes,750-570-0965,ksummerhayes46@sourceforge.net,86,84,45,false,Rasskazovo,9/23/2020,7040811731
Theodoric Buske,640-497-7766,tbuske47@google.it,1,49,48,true,Rosthern,7/14/2020,2646124481
Denny Blakiston,835-874-3698,dblakiston48@topsy.com,96,76,82,true,Itaqui,6/21/2020,4970777365
Roxi Prattin,373-765-8582,rprattin49@state.gov,33,80,36,false,Karangwaru,7/29/2020,7400544004
Harman Goodger,199-948-0382,hgoodger4a@home.pl,14,33,90,false,Zhirnovsk,4/22/2020,4331155889
Terrance Ladbrook,815-697-9191,tladbrook4b@slate.com,98,87,33,true,Linxi,12/6/2020,7764288527
Kylila Ruckert,613-961-5944,kruckert4c@fda.gov,43,72,93,false,Kuching,6/12/2020,6975406340
Carin Hurry,403-864-3890,churry4d@list-manage.com,2,38,50,false,Haarlem,7/25/2020,1678681288
Joelie Simpkiss,278-524-2097,jsimpkiss4e@g.co,64,50,31,false,Santa Cruz,6/28/2020,9715197205
Sarene Bernardes,258-957-3654,sbernardes4f@discovery.com,95,29,37,false,les Escaldes,6/10/2020,4794998058
Bud Hardaway,332-129-1851,bhardaway4g@ted.com,14,55,29,false,Utarapasar,5/7/2020,6679879507
Tori Ackenhead,715-517-6814,tackenhead4h@quantcast.com,84,56,44,true,Bang Rak,1/28/2021,4091390471
Kitti Mourton,663-598-6279,kmourton4i@google.com,72,85,15,false,Jiang’an,4/28/2020,4942151791
Enos Roseburgh,434-654-1536,eroseburgh4j@deviantart.com,63,50,40,false,Barrancabermeja,1/20/2021,9586772004
Peria Chasney,822-376-8057,pchasney4k@pinterest.com,24,66,6,true,Panan,7/15/2020,3440184633
Artemus Annesley,981-859-9161,aannesley4l@google.pl,56,71,60,false,Kongtian,3/19/2021,0187725780
Martica Gareisr,900-850-5198,mgareisr4m@princeton.edu,53,49,45,true,Estância,5/28/2020,8277178352
Arturo Abrami,109-322-0104,aabrami4n@discuz.net,29,90,66,true,Brody,3/30/2021,3449047132
Ariel Hallan,845-747-6911,ahallan4o@flavors.me,96,59,46,false,Trollhättan,1/29/2021,4512281703
Levey Jakolevitch,262-682-1783,ljakolevitch4p@google.com.hk,78,17,12,false,Shashūbay,6/5/2020,4420468289
Iorgo Mayoh,855-536-1369,imayoh4q@bigcartel.com,46,12,28,true,Khueang Nai,11/2/2020,4066574149
Giorgia Haslewood,698-400-7136,ghaslewood4r@indiegogo.com,25,47,98,true,Roubaix,3/25/2021,0117005762
Jeniece Pearsey,178-608-3411,jpearsey4s@geocities.com,13,42,25,true,Fengshan,7/30/2020,1996699911
Forest Spelling,244-395-5851,fspelling4t@arizona.edu,47,86,17,true,Nidri,1/20/2021,9420798909
Mercie Lunk,776-393-0435,mlunk4u@spiegel.de,24,14,87,false,Bambakashat,12/2/2020,4801395163
Giff Kmiec,132-205-2984,gkmiec4v@merriam-webster.com,75,8,15,true,Nipawin,11/13/2020,4454795916
Lewes Marquiss,703-336-1884,lmarquiss4w@oakley.com,81,50,68,true,Portão,12/20/2020,0133031896
Arte Semeradova,184-864-0942,asemeradova4x@elpais.com,39,11,63,true,Cibunar,4/28/2020,7268583060
Ashil Zielinski,506-882-9534,azielinski4y@homestead.com,89,89,66,true,Chengjiang,6/30/2020,0105799696
Sadie Gerhts,900-228-6117,sgerhts4z@mashable.com,10,74,53,true,Kebonjaya,3/4/2021,1164174657
Dominica Morilla,804-888-5446,dmorilla50@bbc.co.uk,18,44,20,true,Yedun,3/26/2021,7634820601
Siegfried Briddle,157-369-4014,sbriddle51@ezinearticles.com,83,47,48,true,Oviedo,12/5/2020,2497334005
Rozella Blaskett,422-762-1094,rblaskett52@blogs.com,19,49,56,true,Kakanj,3/30/2021,0380611716
Aleta Bollam,973-508-1170,abollam53@dagondesign.com,78,53,68,true,Klinan,8/18/2020,7951340189
Jarvis Gonsalvo,151-589-5128,jgonsalvo54@storify.com,72,4,4,true,El Limón,1/26/2021,6505105115
Alysia Bolles,630-585-6829,abolles55@xing.com,49,36,25,false,Manalu,11/9/2020,6115857430
Kevina Dethloff,844-376-9190,kdethloff56@rambler.ru,22,61,88,false,Big Bend,10/24/2020,0593051661
Shana Rebert,732-116-8653,srebert57@tumblr.com,59,78,6,true,Nandu,5/6/2020,5675142258
Betteann Kener,710-667-7986,bkener58@google.ru,21,87,20,true,Gemena,2/26/2021,2954336870
Lilyan Falks,917-712-0378,lfalks59@webeden.co.uk,14,6,63,true,Brakas,11/10/2020,0351056068
Keslie Mobberley,601-261-1465,kmobberley5a@163.com,29,31,61,false,Anin,3/14/2021,4692101598
Kamilah Battlestone,168-819-5123,kbattlestone5b@weather.com,2,34,17,false,Moss,11/26/2020,1463686242
Junie Cheetham,171-518-4835,jcheetham5c@ox.ac.uk,12,55,63,false,Roma,5/28/2020,7657858311
Benjie Glassborow,133-252-2097,bglassborow5d@google.com.hk,57,65,21,true,Capela,1/18/2021,0798153466
Peyter Hamshar,440-163-2359,phamshar5e@dailymail.co.uk,14,2,86,true,Beiwa,4/24/2020,8804953500
Frankie Fairtlough,954-275-5240,ffairtlough5f@msu.edu,46,75,86,true,Profítis Ilías,11/14/2020,2298700486
Sybille Mithun,558-321-4901,smithun5g@bbb.org,67,76,35,true,Gardutanjak,7/21/2020,3454662478
Arnold Heinle,391-262-5198,aheinle5h@acquirethisname.com,79,17,37,false,Särö,1/30/2021,9418384663
Wilhelmine Leedes,642-853-8847,wleedes5i@artisteer.com,38,60,45,true,Zamość,5/8/2020,1175138126
Emanuel Bocock,218-355-8376,ebocock5j@surveymonkey.com,57,59,84,false,Rasony,1/26/2021,1499102704
Karisa MacCurlye,768-184-1629,kmaccurlye5k@imgur.com,94,75,41,true,Lambangan Kulon,7/2/2020,3321183714
Conchita Gorrick,926-201-4121,cgorrick5l@ft.com,23,53,6,false,Konyshevka,12/12/2020,9071688984
Roby Udall,813-685-8851,rudall5m@mlb.com,82,92,47,true,Grebenskaya,10/21/2020,7191569409
Aldis Dedden,482-995-4006,adedden5n@reverbnation.com,46,4,86,false,Lidzbark,4/22/2020,8684922352
Tara Norssister,992-421-1413,tnorssister5o@oakley.com,93,26,64,false,San Rafael,4/15/2020,9772848090
Selena Couche,507-257-4454,scouche5p@icio.us,19,74,13,false,Puerto Mayor Otaño,1/24/2021,8719253540
Dorothea Brugsma,945-546-8909,dbrugsma5q@tinypic.com,92,91,63,false,Zhixia,10/2/2020,6938069085
Penny Gloves,494-826-6370,pgloves5r@gizmodo.com,89,42,77,true,Xiangshui,7/16/2020,8660790529
Carmina Gyngell,429-478-2833,cgyngell5s@google.com,97,98,86,true,Verkhozim,12/20/2020,7617480008
Yorgo Pipping,368-728-3227,ypipping5t@merriam-webster.com,40,41,16,false,Montilla,9/10/2020,2767838809
Bernice Paine,426-701-5677,bpaine5u@deliciousdays.com,64,72,54,true,Jabłonka,2/8/2021,0887650155
Nevile Brissard,473-330-1085,nbrissard5v@ted.com,30,84,58,false,Seixo da Beira,12/24/2020,5323339640
Dion Rieger,867-890-2185,drieger5w@nasa.gov,40,56,2,false,Mboto,10/12/2020,1060631466
Adair Turle,826-698-4096,aturle5x@wsj.com,32,32,83,true,Bāqim as Sūq,11/2/2020,4250614433
Flossie Batson,552-983-0406,fbatson5y@harvard.edu,61,86,61,true,San Benito Abad,10/9/2020,9883904673
Klarrisa Feaviour,754-196-4955,kfeaviour5z@youtube.com,15,41,22,false,Santo Domingo Este,11/5/2020,5440285792
Rodi Merryman,769-243-1217,rmerryman60@cbc.ca,49,89,3,true,Marechal Cândido Rondon,10/6/2020,4480976698
Doris McCarle,192-623-8834,dmccarle61@home.pl,79,67,47,true,Pule,1/18/2021,9496472850
Kinna Haselwood,265-511-0254,khaselwood62@yale.edu,55,6,89,true,Saniwonorejo,3/21/2021,2582407402
Coop Neylon,236-732-7174,cneylon63@edublogs.org,63,54,79,false,Maseru,4/26/2020,6088269227
Maire Footitt,191-506-5203,mfootitt64@infoseek.co.jp,31,12,52,false,Tawen Aobao,8/15/2020,9744438940
Marcellus Coultas,387-764-0638,mcoultas65@macromedia.com,62,22,83,true,Tilburg,7/2/2020,1763295842
Mead Tomicki,226-369-0853,mtomicki66@seattletimes.com,22,95,2,true,Suibara,10/14/2020,6847802669
Monah Nehlsen,869-659-4342,mnehlsen67@friendfeed.com,82,39,99,true,Magitang,3/30/2021,2631827120
Goldi Shurey,393-832-1699,gshurey68@slashdot.org,88,70,25,false,Pateh Sam,3/10/2021,6779959235
Taylor Aiken,530-218-4536,taiken69@nbcnews.com,12,1,99,true,Beauvais,5/20/2020,9479245752
Avril Paoloni,480-931-7969,apaoloni6a@wordpress.com,62,65,8,true,Quşrah,4/29/2020,8706971083
Helen Forryan,921-885-4027,hforryan6b@newyorker.com,49,60,51,true,Nybro,4/1/2021,4276235332
Farrand Frangleton,891-386-3681,ffrangleton6c@spiegel.de,93,8,48,false,Songgui,10/7/2020,1503605310
Sigismundo McManus,847-429-6041,smcmanus6d@twitter.com,59,33,10,true,Kuching,8/27/2020,5303467104
Natassia Alday,963-593-6598,nalday6e@printfriendly.com,65,71,40,false,Kayangel,2/21/2021,7336174906
Mallissa Dunks,946-417-3316,mdunks6f@google.com,55,63,38,false,Naikoten Dua,1/2/2021,6123948059
Dolorita Maiden,196-987-0807,dmaiden6g@npr.org,51,72,87,false,Lianzhou,2/2/2021,8317902927
Gennifer Petrushanko,415-254-2600,gpetrushanko6h@technorati.com,72,64,33,true,San Francisco,1/26/2021,8681309366
Neile Logie,957-648-5639,nlogie6i@printfriendly.com,32,35,77,true,Jincun,7/9/2020,4193560325
Cortie Askam,965-389-7863,caskam6j@cocolog-nifty.com,24,45,9,false,Kalávryta,2/20/2021,0227077148
Etti Higgonet,511-446-5077,ehiggonet6k@mediafire.com,11,96,9,true,Kadudampit,12/29/2020,9561774895
Yolanthe Dole,539-316-6352,ydole6l@craigslist.org,82,14,9,false,Shazhenxi,6/6/2020,1258069717
Dania Llorente,530-593-5492,dllorente6m@yellowbook.com,85,22,75,false,Chenzhou,1/30/2021,5316646312
Boony McInally,982-615-4713,bmcinally6n@altervista.org,58,48,26,true,Pinyug,7/16/2020,9893320828
Aimil Challicombe,182-747-1557,achallicombe6o@barnesandnoble.com,20,54,10,false,Chak Two Hundred Forty-Nine TDA,4/16/2020,4187844740
Kendrick Eggerton,670-287-6147,keggerton6p@independent.co.uk,17,19,17,false,Benito Juarez,6/18/2020,5871964109
Aime Burgill,337-637-5528,aburgill6q@ucla.edu,46,6,2,false,Jiahe,10/8/2020,8059605275
Conrad Geffen,329-757-4724,cgeffen6r@addtoany.com,74,32,62,true,Gornje Živinice,7/11/2020,8998697068
Farris Asplen,199-930-0069,fasplen6s@whitehouse.gov,5,33,88,true,Pokhvistnevo,11/10/2020,0041122739
Kristi Stenson,576-565-3822,kstenson6t@phpbb.com,64,47,92,false,Huayllabamba,5/27/2020,9187897490
Selinda Croy,397-896-4926,scroy6u@zdnet.com,100,25,5,false,Krasnovishersk,3/2/2021,5074793513
Shepard Skokoe,789-389-6245,sskokoe6v@umich.edu,19,44,74,false,Irbit,4/24/2020,8535990534
Cahra Castellet,599-390-9750,ccastellet6w@dailymail.co.uk,71,23,98,false,Sal’sk,4/27/2020,5718966060
Welbie MacGregor,591-225-5992,wmacgregor6x@tmall.com,75,61,10,false,Qesarya,6/12/2020,6117431945
Ursa Rapley,389-379-5524,urapley6y@artisteer.com,25,8,85,false,Vokhaïkó,1/2/2021,2741120803
Nelia Alf,955-263-2368,nalf6z@illinois.edu,29,89,54,false,Stąporków,11/15/2020,4111529550
Pavel Ricciardello,866-956-1766,pricciardello70@bandcamp.com,43,79,78,false,Wuṯahpūr,2/19/2021,8701132210
Janeczka Copeland,175-183-6086,jcopeland71@apple.com,5,58,95,true,San Marcos,5/25/2020,1763772071
Hestia Hassewell,412-128-6613,hhassewell72@hud.gov,56,60,39,false,Valencia,10/1/2020,1934034495
Evangeline Nend,105-400-9477,enend73@moonfruit.com,12,83,63,false,Verkhneye Kazanishche,5/28/2020,2712501772
Petunia Klessmann,202-579-9477,pklessmann74@theguardian.com,53,46,45,true,Washington,10/24/2020,0816440964
Thomasa Acome,210-366-1305,tacome75@pen.io,51,3,26,true,Arvika,7/14/2020,7599399143
Ros Comello,157-819-0593,rcomello76@google.nl,87,80,6,false,Bila Krynytsya,10/10/2020,6736928028
Manolo Shropsheir,761-890-2914,mshropsheir77@state.tx.us,5,9,30,false,Morris,5/17/2020,3202162055
Nikolai Melbourn,717-202-1480,nmelbourn78@e-recht24.de,75,79,4,false,Bicurga,7/2/2020,3233367414
Shay Gage,996-515-4689,sgage79@goo.ne.jp,98,16,19,false,Dateng,10/8/2020,5753543375
Marlow Nuton,939-390-0492,mnuton7a@angelfire.com,9,30,77,false,Petřvald,2/28/2021,4820879413
Richy Canlin,175-171-8740,rcanlin7b@gmpg.org,36,23,48,true,Tiantai,4/8/2021,7356306239
Derk Mullin,192-335-3953,dmullin7c@taobao.com,88,14,96,false,Dongyangzhen,9/11/2020,7631115230
Sander Osborne,817-412-4119,sosborne7d@hao123.com,69,78,25,true,Fort Worth,1/21/2021,1109028466
Daveen Sorrie,810-960-0326,dsorrie7e@pcworld.com,13,23,47,true,Pingyang,2/4/2021,3177847029
Mahala Haughian,173-326-9125,mhaughian7f@sitemeter.com,26,18,84,false,San Ramon,1/24/2021,4270575352
Ab Spada,609-236-8815,aspada7g@google.it,54,32,58,false,Shangtuhai,1/18/2021,0348676395
Winny Dollard,619-915-2570,wdollard7h@topsy.com,6,61,49,true,Puerto Madryn,12/21/2020,0258723467
Elyse Daniel,852-283-3310,edaniel7i@telegraph.co.uk,56,37,29,true,Trieste,6/15/2020,3584903939
Vonnie Webley,134-968-7949,vwebley7j@ovh.net,35,58,66,true,Ibarra,10/4/2020,5844373227
Georgena Howlings,897-640-6570,ghowlings7k@github.io,98,54,58,true,Barranco de Loba,9/29/2020,8517117239
Shannen Glauber,819-966-3095,sglauber7l@webs.com,15,68,46,true,Zhong’an,3/19/2021,9782510580
Rodina Duffill,768-991-4032,rduffill7m@diigo.com,98,58,19,true,Kárystos,12/17/2020,4994245037
Nate Fosberry,725-430-4906,nfosberry7n@creativecommons.org,61,3,22,true,Luocun,9/10/2020,7391999296
Linn Kubik,883-823-3298,lkubik7o@quantcast.com,5,88,54,false,Liuhe,2/3/2021,7864132634
Krystal Jakubovits,122-384-9192,kjakubovits7p@xrea.com,74,8,44,true,Miguel Hidalgo,4/21/2020,9589767192
Eydie Brownjohn,303-517-7740,ebrownjohn7q@engadget.com,97,23,58,true,Tangyu,3/4/2021,9281901404
Claudianus Matysik,840-562-1037,cmatysik7r@twitter.com,83,5,54,false,Helsingborg,11/25/2020,0170249751
Josi Berriman,158-796-9633,jberriman7s@friendfeed.com,94,75,46,true,Viñac,4/5/2021,2383663077
Gregorio Perschke,184-649-8814,gperschke7t@1688.com,43,6,15,true,Solna,3/24/2021,1130790932
Robbin Morena,738-257-6826,rmorena7u@senate.gov,79,23,91,false,Padasuka,3/20/2021,8680933260
Starlene Abbison,159-162-7833,sabbison7v@amazon.com,61,90,71,false,Sebulu,6/13/2020,7078345509
Dehlia Guerrieri,752-410-4063,dguerrieri7w@toplist.cz,48,44,96,false,Montor Timur,3/31/2021,5041211256
Lindsay Bordessa,443-708-4578,lbordessa7x@reverbnation.com,13,77,85,true,Siyang,12/21/2020,8286276779
Lisle Bruce,868-780-1803,lbruce7y@sciencedirect.com,93,87,16,false,Yongping,2/22/2021,6145655615
Gretna Jemmett,599-232-5434,gjemmett7z@gov.uk,95,87,15,false,Xiadian,5/29/2020,4289408761
Lavinia Patinkin,959-600-3794,lpatinkin80@odnoklassniki.ru,68,87,83,true,Rudniki,1/18/2021,3571826515
Constancia Gammell,424-296-3644,cgammell81@e-recht24.de,66,15,32,true,Couto,1/26/2021,5467591258
Sara-ann Lofts,226-225-6017,slofts82@businessweek.com,78,93,47,true,Riachão das Neves,5/9/2020,1202709699
Tadeas Brunskill,669-923-9315,tbrunskill83@ning.com,99,61,64,false,Tuy Phước,1/24/2021,6467105591
Faun Filippazzo,121-902-5223,ffilippazzo84@cnet.com,21,92,40,true,Sipoholon,12/19/2020,4473610179
Alwyn Musslewhite,839-880-3711,amusslewhite85@springer.com,40,89,52,true,Avignon,9/29/2020,7492310048
Cyndia Candelin,323-259-0756,ccandelin86@barnesandnoble.com,56,68,16,false,Rouen,7/26/2020,3424856150
Easter Keymar,326-523-6935,ekeymar87@devhub.com,11,24,34,false,Awarawar,3/6/2021,1869895819
Carly MacBean,189-848-9026,cmacbean88@addtoany.com,61,66,16,true,Yashio-shi,8/15/2020,8207583851
Erny Squier,964-327-6197,esquier89@japanpost.jp,62,90,93,false,Mossendjo,1/12/2021,7994307892
Winni Kordova,223-161-5561,wkordova8a@java.com,33,19,48,false,Tinawagan,12/11/2020,6828619471
Leslie Firbanks,503-425-4466,lfirbanks8b@tmall.com,8,67,77,true,Envira,10/1/2020,6127997062
Cosimo Scotchmoor,763-886-4756,cscotchmoor8c@hud.gov,96,58,22,true,Liangli,3/15/2021,6515571070
Huntington Mayhow,818-331-2444,hmayhow8d@state.gov,43,42,74,true,Bejucal,2/25/2021,6179575401
Ric Feeny,167-348-6288,rfeeny8e@answers.com,39,63,22,true,Harhorin,12/25/2020,3538564477
Malinde Tregenza,798-853-3801,mtregenza8f@go.com,74,62,92,false,Novokhovrino,1/16/2021,9188344576
Natalee Cannavan,456-483-0973,ncannavan8g@ustream.tv,84,43,33,false,Odrinhas,11/3/2020,8520125212
Sherilyn Faulo,924-334-2586,sfaulo8h@cornell.edu,87,17,38,true,Zabrušany,11/16/2020,2310840327
Tiebold Siddeley,359-884-5839,tsiddeley8i@example.com,79,6,85,true,Vinha,8/6/2020,4397668361
Kaine Hebbes,124-181-2742,khebbes8j@etsy.com,3,61,48,false,Lubei,3/4/2021,6753962166
Aime Bahike,244-285-3198,abahike8k@xing.com,69,63,50,true,Lanjaghbyur,7/1/2020,5443394959
Danya Cullity,486-433-9844,dcullity8l@dailymotion.com,67,97,34,false,Bonpland,6/8/2020,2939623023
Calla Kondratyuk,682-682-5023,ckondratyuk8m@google.de,51,31,75,true,Monkey Hill,5/22/2020,4199799583
Jimmy Huxham,865-680-8971,jhuxham8n@freewebs.com,94,90,76,true,Linköping,11/16/2020,1781037078
Corby Le Sieur,945-157-0962,cle8o@ox.ac.uk,66,95,59,false,Paseka,4/27/2020,8363088242
Manya Mecco,148-898-9303,mmecco8p@noaa.gov,91,23,99,false,Thị Trấn Nghèn,3/15/2021,3968886801
Thibaud Speight,951-424-3421,tspeight8q@salon.com,41,52,55,false,Ngondokandawu,2/11/2021,7692143323
Rosabella Beney,745-839-6137,rbeney8r@biglobe.ne.jp,46,25,4,false,Kimaam,11/21/2020,0493756019
Jeanna Oertzen,767-724-1320,joertzen8s@discovery.com,31,11,91,true,Sapele,7/27/2020,5332985614
Elwyn Beckitt,596-500-5940,ebeckitt8t@unicef.org,50,24,73,true,Boksitogorsk,9/29/2020,5420365707
Amandie Vane,610-683-8451,avane8u@ihg.com,19,70,79,true,Bitica,11/30/2020,0370944933
Benjy Hildred,478-896-5295,bhildred8v@cam.ac.uk,80,51,19,false,Kiruna,10/9/2020,8261525104
Hestia Dickons,108-334-9122,hdickons8w@arstechnica.com,22,96,30,false,Tiguion,9/10/2020,1230551298
Corinna Bolland,211-126-8434,cbolland8x@microsoft.com,73,6,64,false,Ojos de Agua,4/7/2021,1042693315
Sayers Tussaine,624-977-0649,stussaine8y@qq.com,71,59,27,false,Sindangsari,12/1/2020,7172355784
Doralin Charpling,888-925-9140,dcharpling8z@eepurl.com,29,26,94,true,Thai Charoen,11/3/2020,1379777747
Margret Loadwick,714-999-6946,mloadwick90@google.fr,68,6,29,true,Dzhiginka,5/23/2020,2963685149
Damiano Leatt,609-772-5868,dleatt91@businesswire.com,7,38,93,true,Téra,5/20/2020,8000191911
Doris Kabos,935-817-2799,dkabos92@1und1.de,14,51,55,false,Yuntan,9/29/2020,5723431919
Jaime Costar,562-384-9097,jcostar93@sphinn.com,57,97,2,true,Quinocay,11/21/2020,1342039653
Abdul Kitman,283-704-1420,akitman94@hatena.ne.jp,54,38,8,true,Shuitou,5/17/2020,7344447800
Nicholas Cozins,331-190-9988,ncozins95@plala.or.jp,84,46,83,true,Santiago,7/8/2020,1859836569
Carmelle Norgate,809-157-3798,cnorgate96@illinois.edu,74,26,43,false,Pasirdalem,10/19/2020,7743651010
Annabella Wem,535-896-1448,awem97@scribd.com,86,19,60,false,Hayan Hudong,10/10/2020,3021796664
Jacintha August,469-160-4075,jaugust98@geocities.jp,28,69,98,false,Lawa-an,11/13/2020,1010190695
Thorsten Pattingson,278-654-3014,tpattingson99@pinterest.com,48,69,93,false,Marantao,11/28/2020,5755513147
Deirdre Gibbeson,426-674-5457,dgibbeson9a@cbslocal.com,97,56,100,true,Maoshan,12/30/2020,1625289561
Javier Insoll,411-405-0299,jinsoll9b@zimbio.com,14,29,14,true,Javorník,9/18/2020,7252686930
Jacobo Blakden,389-903-8475,jblakden9c@ebay.com,56,50,25,true,Guatimozín,3/24/2021,7556649555
Cherianne Whitlow,923-467-1089,cwhitlow9d@storify.com,57,26,32,false,Douz,12/25/2020,8608755734
Shurlocke Beatson,155-206-9532,sbeatson9e@a8.net,56,81,52,true,Ili,4/20/2020,7352325433
Brigitte Donnelly,922-161-8467,bdonnelly9f@china.com.cn,58,94,35,true,Ganpu,7/9/2020,9013962505
Viki Kempstone,610-589-2461,vkempstone9g@istockphoto.com,3,97,40,false,Vybor,9/25/2020,6285375941
Tamarah Sadry,920-606-0780,tsadry9h@sbwire.com,49,47,65,true,Kortesjärvi,1/12/2021,9840616552
Yasmin Vaen,836-251-1834,yvaen9i@hhs.gov,83,99,59,true,Libertad,12/26/2020,4710975132
Vivia Boocock,847-610-8161,vboocock9j@bloomberg.com,56,88,10,false,Cabeças Verdes,11/20/2020,0171409833
Catherin MacClenan,875-105-1532,cmacclenan9k@ifeng.com,16,46,77,true,Mogapinyana,10/23/2020,3969317576
Edi Tasseler,394-106-2676,etasseler9l@networkadvertising.org,92,75,57,true,Sawoi,7/27/2020,7429537103
Adel Newlands,652-284-2477,anewlands9m@csmonitor.com,59,4,14,true,Paris La Défense,5/8/2020,5473135765
Lilli Lynock,779-656-3489,llynock9n@mapy.cz,80,3,75,false,Owo,10/11/2020,6494513387
Augusta Scardifeild,267-750-7704,ascardifeild9o@ibm.com,73,60,25,true,Weiguo,10/18/2020,5637347646
Claudius Althrop,234-244-3626,calthrop9p@live.com,72,30,65,false,Bezlyudivka,1/26/2021,8306079736
Angele Lumm,319-143-4606,alumm9q@dailymail.co.uk,28,68,16,false,Zākhū,6/16/2020,1957648651
Terrell Noddle,585-834-4805,tnoddle9r@flickr.com,44,100,22,true,Indramayu,10/1/2020,4361471819
Gabby Pisco,380-175-2747,gpisco9s@prweb.com,92,70,69,false,Qarchī Gak,10/30/2020,4761894245
Avril Roscam,711-817-6036,aroscam9t@msn.com,50,48,13,true,Wulin,4/15/2020,3931153401
Mia Choak,657-993-9979,mchoak9u@intel.com,51,78,73,true,Chinameca,10/1/2020,8094410361
Lamar Cramb,972-832-8705,lcramb9v@nih.gov,6,100,27,true,Ciganaria,11/24/2020,7490323711
Juanita Beeho,786-299-9929,jbeeho9w@narod.ru,63,26,77,false,Guiping,7/21/2020,1607539535
Yardley Gallihaulk,921-766-1974,ygallihaulk9x@mysql.com,77,57,89,true,Murcki,2/9/2021,4961586714
Pearle McArthur,336-839-2937,pmcarthur9y@deliciousdays.com,82,25,39,false,Il’inskiy,12/23/2020,8430740147
Vicki Grewcock,296-758-5831,vgrewcock9z@histats.com,25,24,78,false,Sankanan,2/15/2021,6901229593
Aluino Mattingson,687-490-6891,amattingsona0@usda.gov,76,52,90,false,Xikou,9/8/2020,3095665105
Ronny Swift,546-354-4924,rswifta1@ycombinator.com,7,82,89,false,Beloeil,11/6/2020,9767574042
Libbie Rae,136-663-2577,lraea2@alibaba.com,3,16,9,true,Calumpit,11/29/2020,8167243974
Slade Lawrenson,156-717-5151,slawrensona3@cpanel.net,6,52,13,false,Vladimir,10/28/2020,0298077833
Nilson Babb,128-944-4963,nbabba4@walmart.com,94,75,33,false,Yudaikelike,6/27/2020,3782654366
Ursulina Halpen,877-527-3279,uhalpena5@cbsnews.com,80,98,15,false,Kačanik,6/6/2020,8052696917
Kurtis Sealeaf,156-438-9955,ksealeafa6@dedecms.com,67,10,69,false,Pogórze,2/23/2021,8827701796
Wheeler Moran,949-994-3631,wmorana7@nature.com,49,40,83,false,Cikarang,9/20/2020,6042030469
Caren Khan,344-415-3479,ckhana8@usa.gov,16,66,51,true,Bazzāryah,11/14/2020,7477340772
Thorndike Phillipp,229-251-4793,tphillippa9@cpanel.net,11,59,89,true,Kota Trieng,1/19/2021,4522629680
Tobie Lambal,418-503-9397,tlambalaa@pen.io,37,69,4,true,Strašice,5/21/2020,9173911526
Vitia Orfeur,627-371-4929,vorfeurab@cmu.edu,34,69,34,true,Cipancur,7/15/2020,7689951058
Maxim Lowde,732-429-1120,mlowdeac@sina.com.cn,56,44,23,false,Liren,3/1/2021,3460842881
Dolph Gallichan,773-173-6737,dgallichanad@washingtonpost.com,79,38,82,false,Stuttgart,9/19/2020,7101531547
Mayer Trahair,606-609-5328,mtrahairae@narod.ru,9,51,17,false,Cahors,3/25/2021,4565359715
Uta Leat,719-152-7424,uleataf@utexas.edu,87,37,21,false,Dawuhan,3/23/2021,3135931498
Hadleigh Collis,561-586-8773,hcollisag@quantcast.com,62,92,64,true,Ifanadiana,3/29/2021,5808785707
Stephi Ivashev,243-623-8583,sivashevah@wsj.com,38,32,87,false,Krajan Sidodadi,12/5/2020,0600389251
Lonnie Stigell,754-760-2987,lstigellai@apple.com,63,54,14,false,Khasavyurt,1/8/2021,7632443436
Mendie Traice,193-250-3287,mtraiceaj@arizona.edu,12,86,59,false,Meixi,12/20/2020,5977235550
Esta de Bullion,752-787-5346,edeak@ifeng.com,39,27,18,false,Shangma,6/23/2020,2672564795
Dorey Shimmans,100-133-0171,dshimmansal@umich.edu,8,1,81,true,Mashizhai,1/6/2021,2776871821
Gunar Prott,695-543-3185,gprottam@yolasite.com,59,79,35,true,Xiatuanpu,8/16/2020,3298777420
Kirby Allsepp,203-123-0382,kallseppan@cdc.gov,80,20,69,false,Dłutów,3/18/2021,1997648105
Joshua Danielsohn,895-118-9281,jdanielsohnao@noaa.gov,41,92,35,true,Beima,6/10/2020,1715015193
Karel Lytlle,401-757-3820,klytlleap@webmd.com,97,46,53,false,Colomiers,3/7/2021,4542801918
Eleonore Krolak,328-819-4563,ekrolakaq@wired.com,29,78,61,false,Monamon,1/1/2021,0778284611
Michal Napoleone,466-236-8438,mnapoleonear@salon.com,49,50,80,false,Okuta,8/7/2020,7472236608
Arabella McGrorty,946-834-2062,amcgrortyas@opensource.org,1,4,97,false,Baing,8/15/2020,7896959534
Ingunna Stroban,451-956-5350,istrobanat@goo.gl,59,88,99,false,Barru,4/3/2021,3563159815
Garrek McShane,499-630-2539,gmcshaneau@nydailynews.com,95,15,35,true,Leganes,10/9/2020,0694705497
Denys Novacek,997-526-6921,dnovacekav@samsung.com,37,45,4,false,Yangjia,5/29/2020,6903270914
Merlina Pecha,341-494-5879,mpechaaw@businessinsider.com,74,76,87,false,Futian,1/6/2021,0177022000
Fran Charrisson,523-827-7511,fcharrissonax@ucoz.com,40,17,68,false,Przytyk,11/26/2020,5588974247
Ive Tuttle,202-153-9598,ituttleay@de.vu,49,78,5,true,Al Minyā,3/16/2021,9135717335
Lucia Trammel,901-649-4161,ltrammelaz@time.com,31,13,45,false,Memphis,12/20/2020,1033699802
Sansone Hush,599-146-1902,shushb0@sourceforge.net,83,60,89,false,Pasir Mas,10/24/2020,4066444687
Baxy Astbury,751-927-1637,bastburyb1@plala.or.jp,47,81,25,false,Kassel,5/22/2020,1156991684
Carmine Padilla,325-618-0497,cpadillab2@bravesites.com,96,23,34,false,Al ‘Awjā,4/8/2021,6695562814
Trixi Sailor,815-144-4731,tsailorb3@state.gov,99,69,98,true,Eybens,10/17/2020,0004963679
Marylin Setchell,515-653-6688,msetchellb4@canalblog.com,32,28,16,true,Axioúpoli,12/15/2020,9860478686
Haleigh Klamman,410-118-1147,hklammanb5@wiley.com,95,1,77,true,Presnenskiy,3/4/2021,1254793062
Millisent Stookes,732-301-1681,mstookesb6@addtoany.com,21,91,43,false,Sanjia,1/8/2021,2340348080
Joice Venediktov,482-575-1968,jvenediktovb7@redcross.org,93,80,32,true,Zigong,2/23/2021,7756305663
Maryann Kitcher,350-105-2407,mkitcherb8@dailymotion.com,13,68,54,false,Esplanada,6/1/2020,3037299371
Siegfried Rusk,250-678-3291,sruskb9@weibo.com,20,28,21,false,Huangbei,12/11/2020,1830271229
Cindy O'Cooney,971-407-7421,cocooneyba@dyndns.org,78,33,77,true,Laško,7/23/2020,4973321400
Tony Ozelton,804-746-9958,tozeltonbb@shinystat.com,34,26,4,false,Tierralta,3/8/2021,6548300823
Royce Harrison,949-336-5788,rharrisonbc@ning.com,87,94,89,true,Feira de Santana,7/21/2020,3209933081
Jammal Cassely,998-695-0228,jcasselybd@360.cn,77,44,77,false,Anticala,4/8/2021,7843585664
Ossie Crampin,131-438-5386,ocrampinbe@elpais.com,6,29,92,true,Mramani,7/11/2020,1353263703
Letitia Caudwell,833-169-8589,lcaudwellbf@scribd.com,64,44,70,true,Pescadería,11/29/2020,0580351742
Giles Iacomelli,589-122-1917,giacomellibg@homestead.com,9,86,7,false,Caihe,4/7/2021,8161947007
Natka Jennings,816-224-4430,njenningsbh@nifty.com,28,21,76,false,Saint Joseph,12/6/2020,4099042464
Ives Grennan,640-379-2116,igrennanbi@japanpost.jp,25,92,65,false,Mönsterås,4/21/2020,9064587868
Seward Keetley,169-353-8754,skeetleybj@npr.org,22,37,76,false,Meget,6/15/2020,2617052826
Ebonee Primak,171-529-9246,eprimakbk@ebay.co.uk,54,63,87,true,Henghe,11/12/2020,6972686628
Celesta Bilton,754-182-1413,cbiltonbl@moonfruit.com,66,66,5,false,Oslo,7/26/2020,4832798766
Bambi Wheatman,592-603-4026,bwheatmanbm@engadget.com,70,58,31,false,Sherwood Park,12/1/2020,7956350824
Marlyn Heaseman,426-496-8645,mheasemanbn@slideshare.net,6,98,41,false,Amga,3/5/2021,6593418013
Elyse Couche,354-242-6261,ecouchebo@nhs.uk,61,87,22,true,Ibirité,2/14/2021,4556240158
Kevin Prugel,671-642-0482,kprugelbp@twitter.com,20,77,45,false,Kryry,1/2/2021,7798188444
Fanya Pedri,201-695-3746,fpedribq@sogou.com,47,88,24,true,Shihuajian,2/19/2021,8805527904
Nora Dickenson,429-654-8951,ndickensonbr@mlb.com,21,39,91,true,Plumbangan,8/24/2020,6563441319
Bambie Cauldwell,970-513-6134,bcauldwellbs@independent.co.uk,13,53,87,true,Babak,4/28/2020,5219533975
Tiphanie Crosthwaite,379-255-0211,tcrosthwaitebt@cloudflare.com,2,89,78,true,Shimen,11/23/2020,8452391005
Aleda Morston,865-429-6449,amorstonbu@scribd.com,77,88,84,false,Sorochinsk,9/6/2020,2021860086
Locke Beushaw,507-616-0847,lbeushawbv@ft.com,67,60,19,true,Hisings Kärra,1/5/2021,1250347882
Oliver Story,653-429-9904,ostorybw@mapy.cz,84,50,51,false,Zarrīn Shahr,2/9/2021,3762284385
Modesty Kemsley,738-103-5601,mkemsleybx@aboutads.info,23,17,6,false,Valencia,12/15/2020,1649121830
Leigh Bluett,505-255-2109,lbluettby@newyorker.com,53,69,61,false,Recarei,8/30/2020,7707008987
Glenda Francioli,199-898-4517,gfranciolibz@skype.com,45,31,7,true,Bāndarban,4/24/2020,8397010777
Kipp Genders,244-499-8922,kgendersc0@de.vu,19,67,65,true,Reinaldes,11/25/2020,1413005020
Sallyanne Georg,447-629-2618,sgeorgc1@tripadvisor.com,21,58,91,true,Tilik,9/27/2020,2298435405
Travis O'Canavan,143-774-3522,tocanavanc2@va.gov,7,69,38,false,Krajan Demit,6/26/2020,4386187790
Feodor Hugonin,417-200-3611,fhugoninc3@macromedia.com,99,20,30,false,Lavaltrie,7/2/2020,2322386014
Annis Dicke,830-902-0695,adickec4@about.me,70,23,72,false,Coasa,6/27/2020,0745364764
Zita Fitzmaurice,679-870-3069,zfitzmauricec5@taobao.com,87,41,78,true,Napoles,7/27/2020,5582370153
Tallia Bollands,780-199-1133,tbollandsc6@reddit.com,84,3,81,true,Sarov,4/10/2021,8614039212
Marga McPhee,848-298-4717,mmcpheec7@timesonline.co.uk,35,76,7,false,Hejia,5/1/2020,6109463787
Jessica Schulz,294-448-3726,jschulzc8@google.es,6,94,33,true,Malausma Kidul,8/13/2020,1268171980
Frazier Le Grice,240-107-0130,flec9@nature.com,80,57,46,true,Bianzhuang,1/21/2021,2713704596
Leanor Lawlor,846-358-7406,llawlorca@scientificamerican.com,34,75,74,false,Vorontsovka,4/3/2021,0189280123
Tedman Gheorghe,271-817-6432,tgheorghecb@last.fm,27,22,70,true,Sloboda,5/26/2020,3127426267
Floris Dragoe,594-219-9792,fdragoecc@walmart.com,90,6,74,true,Marseille,8/12/2020,6192453322
Simone Lude,101-575-5745,sludecd@twitpic.com,48,89,64,true,Sande São Lourenço,6/30/2020,2363607449
Myrle Higgan,308-271-0462,mhiggance@mozilla.org,54,98,94,true,Guanta,12/4/2020,1920820035
Vonny Lindell,159-165-5213,vlindellcf@buzzfeed.com,8,10,94,true,Burnside,6/2/2020,2691260917
Avram de Mendoza,626-509-8025,adecg@bandcamp.com,57,39,62,true,Baleal,9/1/2020,2017396648
Stacie Henricsson,665-784-4891,shenricssonch@mashable.com,91,25,52,false,Mokolo,2/20/2021,1719676623
Lannie Dumberrill,222-801-5386,ldumberrillci@nydailynews.com,21,97,6,false,Fenghua,3/14/2021,6618243378
Taddeusz Dincey,804-702-5896,tdinceycj@friendfeed.com,67,79,42,true,Richmond,7/30/2020,8727077543
Vance Hunston,516-313-0545,vhunstonck@mashable.com,74,83,81,true,Drásov,8/29/2020,2637905778
Huntington Densell,319-643-7655,hdensellcl@npr.org,51,28,37,false,Krutja e Poshtme,3/6/2021,6663633503
Jecho Potteridge,569-678-4935,jpotteridgecm@buzzfeed.com,62,32,65,true,Beni Khiar,10/4/2020,3764562722
Rodge MacKey,105-289-2475,rmackeycn@ycombinator.com,31,90,98,true,Roissy Charles-de-Gaulle,11/5/2020,4632239372
Gregoire Ivannikov,466-915-8524,givannikovco@admin.ch,18,73,56,true,Ellös,8/6/2020,7266672015
Serge Benazet,836-481-7778,sbenazetcp@mac.com,71,35,29,false,Ventersdorp,12/17/2020,7017862503
Laureen Tatlowe,741-922-3537,ltatlowecq@rediff.com,14,88,27,false,Tinaco,3/27/2021,8775797925
Anjanette Aylin,621-437-2632,aaylincr@bbc.co.uk,88,36,48,true,Banaba,9/22/2020,7439785509
Spense Dalyiel,577-163-6863,sdalyielcs@adobe.com,14,42,21,false,Presidente Venceslau,6/2/2020,3580748505
Pierette Burdass,315-640-6149,pburdassct@samsung.com,3,67,68,true,Fort Liberté,11/23/2020,6845283605
Allyce Birkinshaw,853-746-1770,abirkinshawcu@tamu.edu,29,8,70,true,Guararé,8/31/2020,7644419195
Bartel Tuffrey,620-245-8816,btuffreycv@instagram.com,1,95,29,true,Yuwang,11/12/2020,6823913649
Ranna D'Ambrosi,534-147-6846,rdambrosicw@disqus.com,58,89,51,true,Yinhe,2/11/2021,8352761064
Chere Dymocke,278-718-6244,cdymockecx@issuu.com,44,85,13,false,Insua,5/27/2020,2861190779
Dania Cheers,300-494-9957,dcheerscy@harvard.edu,14,70,8,true,Vladislav,7/19/2020,1073802787
Mylo Beades,474-788-4040,mbeadescz@hao123.com,51,54,4,true,Tian’an,8/24/2020,5521698809
Carlie Lente,588-313-4120,clented0@mlb.com,62,84,65,true,Xinghe Chengguanzhen,8/24/2020,3230458826
Rhona Fragino,191-705-2059,rfraginod1@creativecommons.org,74,44,70,true,Nankou,7/10/2020,0659451123
Cord Chetwynd,283-202-2836,cchetwyndd2@biglobe.ne.jp,88,8,48,true,Lajeosa,11/8/2020,1290353956
Olive Stayt,175-239-5647,ostaytd3@cnbc.com,43,45,80,false,Novosmolinskiy,2/26/2021,2652969099
Steffane Virr,456-630-9856,svirrd4@netlog.com,29,67,11,false,Kinatakutan,1/1/2021,7049551163
Deirdre Limpkin,638-730-6253,dlimpkind5@paypal.com,31,94,6,true,Castanheiro do Sul,8/2/2020,5136086742
Abby Mordy,804-682-5395,amordyd6@wix.com,28,26,89,true,Bhola,3/4/2021,9581557679
Pearl Clarycott,776-952-0052,pclarycottd7@dagondesign.com,73,26,16,true,Hamada,10/17/2020,0279362064
Suzie Perrone,969-596-1997,sperroned8@friendfeed.com,59,59,34,true,Pasarbaru,5/21/2020,7843893016
Kalil Greengrass,692-888-5790,kgreengrassd9@ameblo.jp,98,15,25,false,Sendai-shi,1/27/2021,7731127591
Mallory Zellner,207-819-1223,mzellnerda@constantcontact.com,72,64,12,true,Liujiachang,12/23/2020,8711538988
Ab Ravenhills,315-826-5128,aravenhillsdb@discuz.net,79,12,40,false,Zürich,10/25/2020,8364129198
Gardiner Klimkowski,234-855-0955,gklimkowskidc@columbia.edu,100,37,68,true,Golčův Jeníkov,7/29/2020,9422693772
Barbey McClurg,542-330-0167,bmcclurgdd@odnoklassniki.ru,84,16,60,true,Svrljig,9/8/2020,1713670720
Joyan Tasch,460-195-8086,jtaschde@infoseek.co.jp,90,11,43,true,Kertorejo,7/30/2020,8981839883
Cyrillus Brunroth,144-711-9583,cbrunrothdf@mozilla.com,16,59,21,false,San Sebastián,9/21/2020,3726490280
Letisha Spraging,360-372-2733,lspragingdg@princeton.edu,60,41,84,false,Aş Şūrah aş Şaghīrah,12/29/2020,3926488778
Johannah Bosma,280-449-8657,jbosmadh@google.cn,49,36,87,true,Bulgan,12/4/2020,9658483216
Hayden Tebbut,960-762-5698,htebbutdi@ca.gov,78,95,73,false,Barberena,1/12/2021,8809982460
Philip Scutcheon,545-149-0605,pscutcheondj@msu.edu,63,23,8,false,Oslo,11/25/2020,6482629873
Davidson Halston,877-866-8987,dhalstondk@nyu.edu,13,31,83,true,Makale,12/6/2020,2637430613
Izzy Craister,720-881-4684,icraisterdl@cnn.com,99,66,4,false,Frösön,3/20/2021,7010972842
Ephraim Culy,989-427-5255,eculydm@altervista.org,100,55,26,false,Khorosheve,5/12/2020,2524148211
Malorie Kensett,236-787-2332,mkensettdn@reverbnation.com,49,96,95,false,Wangchang,6/12/2020,5955563393
Shirley Cosgreave,823-589-6095,scosgreavedo@drupal.org,70,40,62,false,Czernice Borowe,11/3/2020,8130235684
Clea Vanyukov,347-810-3493,cvanyukovdp@wikimedia.org,38,59,24,true,Bangkok,12/22/2020,4589669501
Livy Heffernan,893-995-3819,lheffernandq@buzzfeed.com,77,2,55,true,Cimo de Vila,1/5/2021,5894392837
Rhetta Van der Beek,258-262-7288,rvandr@hc360.com,21,25,50,true,Yidu,5/8/2020,6914394989
Lester Batrim,877-857-2999,lbatrimds@creativecommons.org,14,84,16,true,Junín,1/14/2021,0079813240
April Kinnard,946-616-6669,akinnarddt@pen.io,29,93,70,false,Karabash,11/13/2020,1263472508
Teresa Crosher,173-712-6480,tcrosherdu@simplemachines.org,41,35,69,false,Żyraków,7/7/2020,4515658557
Robbi Howland,411-378-5754,rhowlanddv@apache.org,95,81,48,true,Lubei,5/9/2020,8270953970
Kassandra Potts,146-304-4067,kpottsdw@alexa.com,13,59,28,true,Ongkharak,7/20/2020,6198939847
Lethia Cereceres,202-863-8009,lcereceresdx@epa.gov,62,48,74,true,Washington,3/4/2021,4024090623
Adrien Bartlomiejczyk,870-197-1575,abartlomiejczykdy@home.pl,28,17,51,false,Banjarbaru,8/23/2020,4770463677
Birgit Mayall,861-453-1511,bmayalldz@macromedia.com,38,44,87,false,Tierra y Libertad,12/20/2020,7178889063
Darryl Lochhead,977-488-4584,dlochheade0@yandex.ru,43,89,94,true,Cibojong,9/17/2020,4717682475
Wanda Binding,202-766-3422,wbindinge1@timesonline.co.uk,73,96,65,true,Washington,1/28/2021,2018475487
Odette Paute,276-367-5562,opautee2@mozilla.com,53,24,74,false,Suicheng,7/5/2020,4770290950
Maximilien Duiguid,977-803-8020,mduiguide3@mit.edu,67,3,90,false,Wanareja,4/3/2021,4967453236
Sophronia Englefield,394-643-7176,senglefielde4@odnoklassniki.ru,3,25,43,false,Mikołów,10/11/2020,0066029597
Corine Kalinovich,366-455-7762,ckalinoviche5@pagesperso-orange.fr,61,90,37,true,Santa Cristina Couto,9/20/2020,3455033768
Libby Desantis,904-494-7214,ldesantise6@deviantart.com,61,37,21,true,Yishan,8/27/2020,1619498987
La verne Laughnan,223-335-1754,lvernee7@vkontakte.ru,9,7,72,false,Yanglinwei,10/4/2020,5650257256
Ximenez Caramuscia,760-112-3831,xcaramusciae8@free.fr,88,16,10,false,Liangzeng,4/5/2021,9434635578
Lorna Killingback,904-737-5511,lkillingbacke9@google.com.au,27,70,94,false,Suqin Huimin,6/17/2020,8318619951
Sanders O'Hartnedy,304-430-1151,sohartnedyea@51.la,32,14,48,false,Budapest,1/28/2021,4982504784
Humfried Schistl,112-891-9854,hschistleb@addthis.com,50,71,57,false,Muraloka,4/16/2020,2799794769
Anetta Sorsby,156-580-0964,asorsbyec@hubpages.com,40,93,48,true,Shuangquan,2/12/2021,8342130010
Lucius Schuricht,442-330-0548,lschurichted@reuters.com,69,87,2,true,Al ‘Aqabah,12/5/2020,2909209407
Samuel Ogdahl,229-367-4738,sogdahlee@spotify.com,45,19,70,true,Shangkuli,2/3/2021,1056577517
Barney Leese,573-547-0309,bleeseef@addtoany.com,73,78,3,true,Tsaghveri,6/10/2020,5018631953
Grantley Bafford,707-451-7463,gbaffordeg@timesonline.co.uk,19,33,66,false,Wootton,11/10/2020,1636119395
Amalita Bottrell,400-107-9703,abottrelleh@patch.com,30,54,82,true,Barreiras,11/27/2020,5327055884
Saxe Moogan,320-260-5246,smooganei@timesonline.co.uk,29,100,40,false,Anuchino,11/24/2020,5152166607
Dallas Busk,154-872-0394,dbuskej@aol.com,85,30,84,false,Solana,4/28/2020,5271223922
Kynthia Rate,849-526-1107,krateek@alibaba.com,95,55,83,true,Ngedhubasa,5/5/2020,3679690266
Sanford Stollenwerck,625-748-5383,sstollenwerckel@cbsnews.com,45,80,37,true,Atlasovo,11/2/2020,8108485266
Carol-jean Maylor,167-966-4388,cmaylorem@joomla.org,6,5,87,true,München,11/26/2020,9658407811
Catriona Maden,314-320-0633,cmadenen@clickbank.net,33,52,26,false,Stradbally,3/30/2021,0726880388
Veronike Seckom,368-882-6973,vseckomeo@list-manage.com,42,97,75,true,Kirkland Lake,3/23/2021,8364815296
Nathalie Gann,754-629-7148,ngannep@simplemachines.org,11,19,38,true,Koroška Bela,9/16/2020,6677122360
Kittie O'Carmody,481-500-0479,kocarmodyeq@ihg.com,100,82,16,false,Bojadła,11/22/2020,4991759293
El Bocken,574-590-2344,ebockener@ask.com,62,13,54,true,Heshui,1/12/2021,6078351478
Torr Caddell,970-185-4533,tcaddelles@blogtalkradio.com,58,21,39,true,Penco,9/15/2020,6183462047
Tamara Rodway,137-121-7928,trodwayet@webmd.com,45,79,95,false,Cachan,7/17/2020,4770860870
Scottie Harold,823-265-7822,sharoldeu@ox.ac.uk,84,60,12,true,Sophia Antipolis,9/1/2020,6972411416
Ingmar Jeffryes,649-990-1978,ijeffryesev@cnbc.com,20,9,97,true,Eskilstuna,4/8/2021,6388561993
Johann Reside,874-360-6223,jresideew@unesco.org,61,57,94,true,Luzern,6/8/2020,4916648978
Prudy Lummasana,312-902-8723,plummasanaex@hexun.com,54,95,53,false,Osh,2/4/2021,8288107893
Rozina Kamen,592-239-6183,rkameney@google.com.br,58,78,63,true,Kinh Môn,8/17/2020,0754249115
Clara Sends,977-174-3702,csendsez@boston.com,100,41,1,true,Três Pontas,4/26/2020,5446463617
Trisha McCay,883-138-1658,tmccayf0@dell.com,8,36,91,false,Sanxing,10/15/2020,0191199044
Kerry Juan,655-525-1093,kjuanf1@dion.ne.jp,60,99,33,false,Bagok,7/13/2020,9568073450
Sigvard Caldera,693-615-0303,scalderaf2@is.gd,15,33,58,true,Langkapcaang Hilir,11/3/2020,7793707427
Sandy Schubbert,814-347-7841,sschubbertf3@bbb.org,66,19,27,false,San Mateo,12/28/2020,0473928051
Celinka Sussams,462-850-9360,csussamsf4@miitbeian.gov.cn,31,33,90,true,Quimper,2/1/2021,8250024834
Daffi Rutley,198-989-8260,drutleyf5@squidoo.com,89,80,48,true,San Pedro Ayampuc,4/1/2021,7351981299
Chariot Leverette,723-499-2325,cleverettef6@samsung.com,16,59,98,false,Luar,11/15/2020,4771551324
Sula Tremathick,626-426-3007,stremathickf7@t-online.de,17,9,94,false,Dakhla,11/22/2020,4748727748
Diana Maas,508-682-2887,dmaasf8@rakuten.co.jp,85,4,31,false,Jiantiao,11/6/2020,0961032553
Steffane De Courtney,617-565-1851,sdef9@ocn.ne.jp,44,75,49,true,Abovyan,3/17/2021,6300106411
Lucian Matysik,617-133-4066,lmatysikfa@chronoengine.com,25,93,76,false,Ciudad Bolívar,5/27/2020,9098030378
Michelina Arias,789-616-3477,mariasfb@reddit.com,48,34,99,true,Muarapinang,5/18/2020,7959227152
Christian Leftwich,813-920-1115,cleftwichfc@yale.edu,95,37,19,true,Sabnova,8/31/2020,3372338227
Pamelina Riggs,205-144-4849,priggsfd@army.mil,8,76,37,true,Shwebo,4/9/2021,7891672202
Hildy Cuer,191-611-7695,hcuerfe@chron.com,44,100,43,true,Falkenberg,3/2/2021,6095660793
Grantley Joannidi,532-903-5213,gjoannidiff@hp.com,62,40,64,true,Povorino,10/14/2020,6659964460
Hermione Triggle,325-709-1187,htrigglefg@phpbb.com,5,30,18,false,Sabang,9/16/2020,4708299559
Sharity Orlton,627-254-8045,sorltonfh@blogs.com,32,73,60,false,Itabaiana,6/19/2020,1514816091
Mabelle Parkyns,269-763-5985,mparkynsfi@google.pl,67,70,65,false,Kristiansund N,7/6/2020,6872485183
Chico Davie,514-832-1697,cdaviefj@chronoengine.com,18,72,20,true,Ya’ngan,12/25/2020,0603677061
Remus Paradise,476-185-5490,rparadisefk@cbc.ca,65,69,92,true,Lusong,12/4/2020,4780696798
Lisa Blain,789-518-1620,lblainfl@mediafire.com,30,54,35,true,Foumbot,3/17/2021,2145852387
Barton Ksandra,919-340-0003,bksandrafm@marketwatch.com,68,26,48,false,Cuauhtemoc,3/16/2021,2359708783
Margarethe Penton,994-963-2571,mpentonfn@studiopress.com,48,97,64,false,Thatèng,11/28/2020,7292924247
Marcile Mougenel,714-353-3260,mmougenelfo@elpais.com,95,41,100,true,Fujioka,4/5/2021,4069768572
Ringo Besantie,874-127-3065,rbesantiefp@photobucket.com,31,10,12,false,Dahu Satu,2/13/2021,6422812892
Didi Lascell,240-480-7263,dlascellfq@mozilla.com,92,37,71,false,Na Tan,6/16/2020,8278375097
Janaye Landon,285-858-4233,jlandonfr@loc.gov,63,52,57,true,Úštěk,1/25/2021,7934413939
Olive Raddin,368-507-2008,oraddinfs@china.com.cn,48,48,31,true,Xiaosong,4/20/2020,6873422541
Joye Corzon,147-937-4672,jcorzonft@globo.com,79,9,15,true,Brazzaville,7/27/2020,3005029239
Joelie Randlesome,438-786-0140,jrandlesomefu@sciencedaily.com,97,12,23,true,Kuchinarai,6/18/2020,7749685669
Kylynn Fassan,807-433-7237,kfassanfv@blogger.com,9,80,39,false,Guadalupe Victoria,9/13/2020,4980445993
Courtenay Van der Beek,555-454-9846,cvanfw@angelfire.com,71,44,68,false,Longxing,11/16/2020,3989807153
Erny Serfati,537-651-9011,eserfatifx@cbslocal.com,26,80,56,true,Acajutla,7/13/2020,6296371012
Toddy Svanini,831-556-7465,tsvaninify@cnbc.com,31,100,44,true,Xiaozhang,1/13/2021,0361234856
Hortense Boak,782-771-9953,hboakfz@nba.com,10,46,62,false,Koppies,5/24/2020,6627960222
Marcel Margaret,497-560-5856,mmargaretg0@moonfruit.com,19,74,92,false,Vrdy,5/25/2020,3553364467
Ashli Ritchley,892-167-0557,aritchleyg1@etsy.com,47,67,96,false,Kahrīz,3/23/2021,5296094336
Janna Sansbury,625-811-2668,jsansburyg2@stanford.edu,62,14,48,true,Xiakouyi,7/13/2020,3468284128
Carolann Areles,403-233-2558,carelesg3@unc.edu,43,34,15,true,Bałtów,12/26/2020,7341385030
Dody Rummer,688-223-5376,drummerg4@so-net.ne.jp,23,65,18,false,Tianjiaba,7/25/2020,4654560157
Kimberlyn Glenn,738-459-4160,kglenng5@live.com,59,82,96,true,Brześć Kujawski,11/5/2020,6191235933
Erin Ferson,829-435-4401,efersong6@t-online.de,38,99,31,false,Marinha,6/18/2020,9028321845
Salem Sacks,432-768-8725,ssacksg7@archive.org,54,94,68,true,Mulhouse,4/27/2020,2415733032
Ardys Dalgliesh,170-153-4385,adalglieshg8@army.mil,35,5,40,true,Seremban,12/12/2020,6556497363
Amil Couvert,665-487-8425,acouvertg9@sbwire.com,92,64,98,false,Enniskerry,9/30/2020,6971054792
Madeleine Flicker,809-787-1591,mflickerga@accuweather.com,31,53,21,false,Nagbacalan,8/8/2020,2806226929
Paddy Upsale,515-659-4029,pupsalegb@diigo.com,48,38,47,false,Karonga,4/2/2021,0572209991
Ruthie Pylkynyton,300-158-5749,rpylkynytongc@360.cn,45,9,30,true,Antsirabe,1/1/2021,0432332014
Adriano Stadding,488-726-1378,astaddinggd@economist.com,3,77,54,false,Klášterec nad Ohří,5/8/2020,1513896164
Donielle Brasse,612-391-3960,dbrassege@adobe.com,13,97,40,true,Kashmor,3/11/2021,4405419892
Christal Dell Casa,423-119-2218,cdellgf@hostgator.com,88,68,85,false,Kadusimbar,7/9/2020,4984795158
Rossie Tomaino,918-523-1440,rtomainogg@usatoday.com,37,100,30,true,Sedlčany,3/1/2021,6743359769
Bearnard Fall,883-116-0048,bfallgh@google.co.jp,4,4,55,true,Casilda,9/16/2020,6080554216
Ethelda Harhoff,389-585-2912,eharhoffgi@canalblog.com,28,76,32,false,Ciela Lebak,11/11/2020,0573855218
Page Yellop,256-849-3376,pyellopgj@blinklist.com,8,33,89,true,Psebay,11/29/2020,4118826992
Rodie Carrodus,477-557-8612,rcarrodusgk@digg.com,97,59,13,true,Maturín,10/11/2020,6350689348
Oriana Matthiesen,761-143-3199,omatthiesengl@istockphoto.com,71,96,73,true,Granada,11/12/2020,6979871552
Hallsy Hollyard,539-647-3215,hhollyardgm@taobao.com,62,17,6,false,Al Mijlad,2/27/2021,9510824666
Zara Prati,177-601-7941,zpratign@51.la,35,51,92,false,Haebaru,1/28/2021,4750429961
Dennis Budgey,520-378-3498,dbudgeygo@bizjournals.com,89,67,33,true,Zhongxiang,6/21/2020,5526444651
Rosana Conant,585-729-5259,rconantgp@bigcartel.com,76,39,8,true,Sułoszowa,5/21/2020,6039967552
Dulcy Ferroni,719-368-4926,dferronigq@gizmodo.com,84,29,39,false,Srebrenik,4/20/2020,3830862024
Dorey Schonfeld,564-672-4871,dschonfeldgr@home.pl,82,94,31,true,Guangshan Chengguanzhen,8/18/2020,6561261798
Daven Staines,249-578-9714,dstainesgs@abc.net.au,38,91,88,false,Luau,4/28/2020,8796167785
Lorry Motherwell,838-866-9518,lmotherwellgt@admin.ch,47,91,18,true,Shangping,7/2/2020,7583380782
Saundra Candlish,552-168-3949,scandlishgu@google.ru,69,47,37,false,Sankt Andrä-Höch,6/19/2020,5119932002
Cull Gange,779-722-5781,cgangegv@smugmug.com,28,10,79,false,Lage,9/9/2020,9168291817
Roz Lightewood,308-725-0789,rlightewoodgw@gov.uk,18,58,94,false,Falkenberg,12/6/2020,6021939999
Davin Mathes,516-971-1180,dmathesgx@slashdot.org,19,51,39,false,Khorostkiv,7/10/2020,4342534622
Jody Glen,134-445-8597,jglengy@scientificamerican.com,40,95,62,true,Honglu,2/23/2021,6326881048
Gianina Anders,937-444-3079,gandersgz@themeforest.net,82,24,53,true,Melaka,3/18/2021,0605820422
Thorvald Halshaw,336-877-7814,thalshawh0@discuz.net,65,8,54,false,Pomacanchi,2/8/2021,8809866053
Goldie Joost,422-304-2294,gjoosth1@hugedomains.com,4,42,6,true,Niutang,1/30/2021,9065913130
Martie Cowlin,481-737-8507,mcowlinh2@netscape.com,73,73,44,true,Mayrtup,9/24/2020,4310398790
Orlan Abrashkin,955-778-0449,oabrashkinh3@yellowpages.com,48,89,94,false,Ratenggoji,7/21/2020,1800734050
Gianina Batrim,230-894-8255,gbatrimh4@icio.us,14,22,1,false,Guantun,5/27/2020,4017680712
Lonee Haddleton,318-867-8700,lhaddletonh5@twitpic.com,15,61,35,false,Kotlas,12/8/2020,7656450017
Barri Eccles,907-141-6009,becclesh6@loc.gov,54,11,17,true,Tambulig,4/27/2020,8852674160
Benedict Pechell,986-174-5878,bpechellh7@bravesites.com,52,57,75,true,Keleleng,12/30/2020,1550174320
Jillane Perdue,558-889-4770,jperdueh8@opera.com,94,37,13,false,Lidingö,10/27/2020,1621248410
Fernande Scramage,764-431-4433,fscramageh9@intel.com,53,3,94,false,Abashiri,2/14/2021,4992581447
Johan Keene,480-864-8759,jkeeneha@gravatar.com,69,39,68,true,Timba Timuk,5/6/2020,4392819450
Field Bolam,245-178-7440,fbolamhb@cam.ac.uk,70,29,54,true,Dankalwa,2/9/2021,2120159912
Zacharia Francescozzi,762-377-2220,zfrancescozzihc@a8.net,44,56,90,false,Qal‘ah-ye Na‘īm,3/5/2021,5125522473
Cassey Row,992-718-9397,crowhd@nytimes.com,85,78,36,true,Wuli,11/19/2020,4084858269
Glyn Nelm,971-604-5161,gnelmhe@elegantthemes.com,83,65,23,false,Portland,8/16/2020,5483406893
Bertie Abrahamsohn,990-176-5551,babrahamsohnhf@msn.com,32,85,14,true,Sundsvall,3/6/2021,1598614134
Seumas Fennessy,399-960-5079,sfennessyhg@jimdo.com,3,70,27,false,Indang,2/5/2021,8095832804
Orelee Thys,266-708-6049,othyshh@washington.edu,32,35,82,false,Saint-Brieuc,5/7/2020,8303503561
Angelika Mickleburgh,633-593-4010,amickleburghhi@reddit.com,41,59,99,false,Majennang,10/23/2020,2639459376
Dorthy Joye,434-840-8566,djoyehj@ifeng.com,8,12,5,false,Lupak,4/9/2021,8003617626
Malissia Jiran,895-593-1376,mjiranhk@shareasale.com,81,34,67,false,Komiža,1/25/2021,0178668931
Virgie Elleyne,584-596-2648,velleynehl@nyu.edu,88,81,12,false,Évreux,4/11/2021,1598079921
Wheeler Ackrill,812-526-2213,wackrillhm@1und1.de,33,16,9,false,Quintela,6/20/2020,4601535131
Florina Feldmesser,954-621-8648,ffeldmesserhn@yolasite.com,50,19,49,true,San Sebastian,6/23/2020,9923738817
Rae Vurley,225-827-0309,rvurleyho@sphinn.com,60,93,51,true,Sololá,7/5/2020,6447853789
Cristina Standen,420-589-4443,cstandenhp@infoseek.co.jp,3,31,47,true,Preobrazhenka,9/18/2020,3318092096
Marnie Crayton,407-544-9790,mcraytonhq@mlb.com,85,75,51,true,Orlando,1/3/2021,9036025036
Octavia Bossom,712-799-7787,obossomhr@state.gov,25,96,97,false,Zhengmo,8/27/2020,0087873966
Jilli Leif,931-714-9575,jleifhs@nytimes.com,72,32,35,false,Hankha,4/4/2021,0497596024
Harley Ricketts,166-586-4011,hrickettsht@feedburner.com,56,43,57,false,Gävle,4/13/2020,9549574083
Christoph Gilyott,354-184-2012,cgilyotthu@ifeng.com,71,39,64,false,Panganiban,11/19/2020,8802221278
Quintina Yesipov,700-803-0782,qyesipovhv@umn.edu,73,8,81,false,San Pedro,5/13/2020,2295348641
Francois Heddy,114-120-5355,fheddyhw@canalblog.com,55,46,25,false,Balung,1/1/2021,3758082544
Leanor Canto,421-968-7757,lcantohx@bandcamp.com,47,63,57,true,Zhaojia,9/4/2020,3407480059
Viviene Draysey,461-892-6240,vdrayseyhy@timesonline.co.uk,22,85,71,false,Xin Bulag,2/28/2021,8239020968
Aidan Doorbar,428-454-4343,adoorbarhz@nationalgeographic.com,16,61,18,false,Arísvi,1/30/2021,3921025133
Fionnula Dewberry,262-194-7425,fdewberryi0@reddit.com,94,87,72,true,Thomassique,2/3/2021,5703407362
Eleanore Tolman,783-870-9075,etolmani1@bluehost.com,75,9,51,true,Strašice,9/11/2020,6770930935
Correy Asser,239-954-5650,casseri2@intel.com,58,38,87,false,Shuanglongchang,10/23/2020,2403798193
Margaretha Moncrefe,118-924-5579,mmoncrefei3@macromedia.com,48,87,76,false,Lincuo,10/2/2020,8376248561
Korrie Pablos,991-474-0577,kpablosi4@disqus.com,57,45,38,false,Araguaína,5/9/2020,0629697337
Moshe Spinola,453-373-2642,mspinolai5@furl.net,20,70,3,true,Haitang,5/27/2020,9072240510
Marinna Brennand,245-829-6673,mbrennandi6@mlb.com,94,1,84,true,Nchelenge,9/25/2020,9879010019
Sandy Kiddle,390-655-3244,skiddlei7@unicef.org,2,4,85,true,São José de Ribamar,6/16/2020,7411926957
Elle MacSporran,477-514-0370,emacsporrani8@geocities.jp,69,9,67,true,Qulaybīyah,6/23/2020,1892576155
Joanna MacGillacolm,343-233-8136,jmacgillacolmi9@skyrock.com,43,16,41,false,Penisihan,12/31/2020,7267466613
Steffen Turneux,944-607-3757,sturneuxia@hatena.ne.jp,72,83,90,true,Abastumani,12/26/2020,2659660700
Starlene Brendel,158-364-9743,sbrendelib@ebay.co.uk,48,13,98,true,Olovyannaya,9/17/2020,3946131654
Estell Cracknall,703-863-4660,ecracknallic@elpais.com,70,80,75,true,Boleszkowice,8/18/2020,1099050014
Sonny McDougle,434-926-9935,smcdougleid@constantcontact.com,14,40,100,true,Kukurečani,9/19/2020,8339040804
Marie Summerson,910-399-4677,msummersonie@marketwatch.com,16,20,70,false,Wilmington,10/12/2020,4307965108
Benyamin MacNaughton,521-420-1984,bmacnaughtonif@japanpost.jp,32,72,83,true,Yuhang,10/31/2020,3959353626
Kennedy Petranek,735-553-0069,kpetranekig@meetup.com,13,73,65,false,Mboursou Léré,12/1/2020,7889110472
Cairistiona Dibnah,601-221-9308,cdibnahih@slate.com,99,74,27,false,Sakaiminato,9/29/2020,1226645909
Dionis Grouse,776-898-3296,dgrouseii@g.co,46,38,2,true,Taozhou,12/18/2020,8079434913
Kimberlee Fookes,524-673-6254,kfookesij@merriam-webster.com,83,94,53,true,Nowa Sarzyna,9/21/2020,1692964534
Dallon Pursey,499-452-6728,dpurseyik@ibm.com,60,38,50,true,Pohbango,7/6/2020,9024164109
Shae Gane,669-801-9125,sganeil@tamu.edu,62,67,99,false,Nadrupe,5/3/2020,7483697490
Catina Linke,989-638-8088,clinkeim@webnode.com,36,33,19,false,Huatai,4/29/2020,3053506424
Madeleine Slopier,926-391-3511,mslopierin@fema.gov,30,62,97,false,Jintian,3/21/2021,2442645440
Avigdor Filippone,646-218-2959,afilipponeio@godaddy.com,63,9,75,false,Lagasit,12/31/2020,3951940883
Agnese Choppin,686-738-9557,achoppinip@unc.edu,79,38,18,false,Sijiu,8/21/2020,3525872984
Aaron Hardwich,962-829-1934,ahardwichiq@histats.com,47,70,68,true,Dongzha,3/24/2021,2066036803
Kristine Headings,449-702-3413,kheadingsir@columbia.edu,41,42,52,false,Mogoditshane,7/25/2020,5266207264
Berk Sign,126-506-8530,bsignis@devhub.com,50,87,52,false,Wiwilí,7/27/2020,1961798530
Christy Pibsworth,717-417-3842,cpibsworthit@dot.gov,69,44,77,true,Mashi,1/27/2021,8723637889
Orbadiah Aubrun,250-224-9344,oaubruniu@google.es,69,26,14,true,Shushicë,4/20/2020,3453596102
Corene Arnull,405-810-3528,carnulliv@opera.com,68,47,92,false,Dingzigu,6/8/2020,7729100568
Rebecka Poltun,144-189-3144,rpoltuniw@slideshare.net,32,17,19,true,Casal do Conde,11/9/2020,4046838256
Dare Dmitrichenko,256-296-4140,ddmitrichenkoix@forbes.com,25,67,37,true,Huntsville,4/8/2021,5479066188
Annamarie Lammin,868-813-8776,alamminiy@japanpost.jp,34,58,66,false,Divisoria,8/3/2020,4501003111
Hughie Kennerley,284-440-3221,hkennerleyiz@lycos.com,100,69,62,true,Sukamaju,6/19/2020,0326838872
Barth Bramwich,845-580-5490,bbramwichj0@noaa.gov,59,49,99,false,Chengji,3/17/2021,9101427350
Bogey McElhargy,859-168-0226,bmcelhargyj1@lulu.com,15,81,61,false,Hongshan,1/3/2021,6716107754
Heda Ascroft,681-840-9701,hascroftj2@barnesandnoble.com,99,63,53,true,Wailiang,7/21/2020,7167838764
Merrilee Ubanks,743-827-4120,mubanksj3@google.cn,68,77,58,false,Nyachera,12/3/2020,9183123679
Eldredge Garnam,718-252-9099,egarnamj4@csmonitor.com,24,26,63,false,New York City,3/22/2021,7176298041
Benny Lotte,355-293-9360,blottej5@liveinternet.ru,80,81,29,false,Dolores,3/5/2021,8071470708
Deeann Vinas,923-674-6535,dvinasj6@ftc.gov,8,36,99,false,Topi,9/8/2020,6706558125
Far Alsina,447-647-5744,falsinaj7@liveinternet.ru,95,74,80,false,Mnogoudobnoye,6/19/2020,6010228468
Vinita Whitlock,718-563-7667,vwhitlockj8@timesonline.co.uk,15,54,56,false,Mapalacsiao,3/22/2021,4353833529
Virge Feaveer,575-909-2526,vfeaveerj9@weather.com,91,37,98,false,Gimry,4/5/2021,3750940959
Ellwood Morigan,853-924-9100,emoriganja@nba.com,20,20,40,true,Jawatiwa,2/11/2021,0888084269
Bendick Bradly,422-900-6057,bbradlyjb@blogs.com,53,74,15,true,Boleiros,10/29/2020,5313513249
Rori Kirk,214-405-1991,rkirkjc@multiply.com,53,26,45,true,Koga,10/17/2020,4741928802
Smitty Gerhold,679-622-2045,sgerholdjd@meetup.com,74,26,57,true,Jijia,5/1/2020,5713893774
Fredrika Brimblecomb,859-498-4184,fbrimblecombje@icq.com,71,15,62,true,Pisaras,4/4/2021,7770622409
Indira Itzhaki,610-417-9926,iitzhakijf@noaa.gov,73,16,34,true,Houk,6/24/2020,2066825492
Dollie Klimowicz,460-872-2761,dklimowiczjg@cafepress.com,73,91,5,false,Dongyuan,4/5/2021,8655227951
Boniface Sailes,865-968-2099,bsailesjh@mapy.cz,18,32,61,false,Krajan Sumurtawang,4/15/2020,8738597349
Care Pohls,540-856-9998,cpohlsji@ebay.com,83,61,57,true,Boju,12/28/2020,9380239351
Gisela Lahiff,472-260-9613,glahiffjj@smugmug.com,72,21,76,true,La Joya,11/1/2020,6847236892
Denise Mynard,203-563-0171,dmynardjk@cpanel.net,84,18,50,true,Chalan Pago-Ordot Village,11/14/2020,6958843568
Carline Urridge,574-473-4085,curridgejl@accuweather.com,1,91,56,true,Santa Catalina,10/3/2020,6132060065
Coral Hakes,614-350-1719,chakesjm@discuz.net,76,7,20,false,Garwolin,2/16/2021,1254709827
Chick Aughtie,961-415-0614,caughtiejn@army.mil,45,20,83,true,Eger,5/21/2020,9979064196
Pearl Krale,753-620-8635,pkralejo@microsoft.com,71,1,92,false,Zuogaimanma,4/3/2021,6665760987
Lainey Stapleton,287-636-2752,lstapletonjp@eventbrite.com,62,14,26,false,Mulatupo,10/17/2020,1920943943
Eugenius Gritland,811-995-7965,egritlandjq@dmoz.org,46,8,60,true,Kondrovo,2/6/2021,4142529315
Corliss Samwaye,749-227-7784,csamwayejr@studiopress.com,97,100,71,false,Māmūnīyeh,6/8/2020,5049578582
Lorenzo Mayfield,581-952-9179,lmayfieldjs@disqus.com,41,43,51,false,Jacobina,8/2/2020,6961674615
Meris Langland,618-957-6138,mlanglandjt@ebay.co.uk,6,77,2,false,Cinunjang,1/7/2021,5367401996
Rawley Vertigan,508-274-6813,rvertiganju@dailymail.co.uk,50,40,9,true,Mayang,5/24/2020,8534760004
Nadya Verlinden,809-661-2506,nverlindenjv@mapy.cz,8,95,60,false,Dolní Čermná,4/9/2021,2533551562
Keven Overell,339-931-7092,koverelljw@abc.net.au,52,1,43,false,Pimenta Bueno,10/13/2020,0834179539
Gary Swale,523-149-4698,gswalejx@paypal.com,25,29,54,false,Spétses,2/25/2021,4932644396
Maddy De Ath,582-557-2363,mdejy@theatlantic.com,18,100,81,false,Mosteiro,8/2/2020,9814373915
George Crews,936-366-7205,gcrewsjz@acquirethisname.com,68,11,15,true,Byala,2/8/2021,8690426833
Sherline Pepineaux,736-892-6012,spepineauxk0@spiegel.de,47,25,51,false,Kranjska Gora,9/25/2020,4744428711
Tatum Halfpenny,511-916-3421,thalfpennyk1@ca.gov,24,89,35,true,Nikolayevsk,11/21/2020,5786113175
Filippo Hancill,134-377-7145,fhancillk2@slideshare.net,42,29,2,false,Damatou,3/19/2021,1641599243
Wileen Oiller,234-889-2203,woillerk3@cnbc.com,87,51,58,false,Nyaungdon,5/4/2020,0715308262
Dyanne Tschirschky,251-893-2992,dtschirschkyk4@senate.gov,31,87,95,true,Dejen,5/18/2020,7751730684
Jedediah Rudge,365-762-5758,jrudgek5@blogtalkradio.com,88,20,44,false,Murcia,4/21/2020,8204046952
Morton Catmull,822-758-7345,mcatmullk6@theguardian.com,90,14,68,false,Revelstoke,4/3/2021,3059253277
Ertha De la Feld,647-604-5322,edek7@examiner.com,75,25,19,true,Luzhai,9/22/2020,7766432455
Yvette Gepson,602-728-1327,ygepsonk8@squidoo.com,94,85,69,true,Phoenix,12/4/2020,5515154339
Patin Pickover,455-711-5872,ppickoverk9@taobao.com,72,66,69,false,Nantang,11/10/2020,0522577024
Benedikta Iannelli,308-740-9056,biannellika@liveinternet.ru,37,69,21,true,Xin’e,1/22/2021,5225636772
Shirleen Grunnell,873-864-8722,sgrunnellkb@patch.com,26,15,43,true,Oriximiná,8/3/2020,8824201601
Mohandis Brimelow,273-778-7759,mbrimelowkc@yale.edu,54,82,32,true,Biting,1/28/2021,8785320684
Lorinda O'Connor,718-524-6014,loconnorkd@freewebs.com,78,18,32,false,Tenggina Daya,10/22/2020,3160575551
Wald Davys,573-358-6601,wdavyske@xrea.com,26,84,20,true,Eirado,11/28/2020,8296383861
Neysa Crumley,321-880-3721,ncrumleykf@dell.com,49,3,76,true,Eskilstuna,11/30/2020,9282504417
Had Goulston,190-814-8652,hgoulstonkg@blogspot.com,50,3,59,false,Pāvilosta,12/28/2020,6129458703
Tadeo Fruchon,993-175-7525,tfruchonkh@ocn.ne.jp,90,94,33,true,Nizhniy Chir,9/27/2020,4220503250
Rube Mowsdell,852-277-5130,rmowsdellki@wikia.com,17,15,19,true,Ozamiz City,5/16/2020,8457829572
Pavia Partkya,728-870-2474,ppartkyakj@netscape.com,2,28,68,false,Jiale,10/7/2020,1803114363
Wyatan Laing,669-922-8458,wlaingkk@salon.com,16,41,6,false,Byala Slatina,1/15/2021,2436446024
Linnie Daouze,569-482-5346,ldaouzekl@vk.com,86,87,24,true,Nusajaya,10/8/2020,9506937168
Jessi Aslin,251-664-7845,jaslinkm@auda.org.au,10,80,44,true,Massy,1/17/2021,7138603657
Nadine Look,445-136-2049,nlookkn@hud.gov,18,73,14,false,Środa Wielkopolska,1/29/2021,6058988764
Ivor Biasio,104-601-9513,ibiasioko@nyu.edu,89,8,98,true,Bariri,3/25/2021,6159785745
Kingsly Scripture,690-185-0609,kscripturekp@cnet.com,13,13,4,true,Ganggawang,5/1/2020,3481971206
Samaria Wand,655-187-6169,swandkq@google.co.jp,47,4,57,true,Järfälla,1/12/2021,0972667083
Hettie Coche,116-205-1559,hcochekr@soundcloud.com,3,69,13,false,Obrera,9/1/2020,8687470886
Constantine Becket,678-334-2753,cbecketks@ucsd.edu,78,78,80,false,Al ‘Ulá,3/1/2021,7945214169
Wake Kurth,238-787-7809,wkurthkt@networkadvertising.org,100,11,38,false,Xiangying,7/10/2020,5906530428
Royall Capener,675-952-9940,rcapenerku@squidoo.com,95,91,81,false,Jōetsu,1/4/2021,1364414600
Wilmer Gonthard,876-473-9321,wgonthardkv@a8.net,32,72,58,false,São Mateus,1/15/2021,1947433695
Nell Braithwaite,473-924-6295,nbraithwaitekw@flickr.com,48,89,58,false,Monching,10/7/2020,3022519176
Timmy Vinten,263-534-0485,tvintenkx@nifty.com,13,91,74,false,Juancheng,1/30/2021,6993987414
Worden Tussaine,763-737-2024,wtussaineky@wordpress.org,41,32,95,false,Mayisad,8/7/2020,6961420699
Sheffield Dunkerly,971-665-9592,sdunkerlykz@wordpress.org,32,82,48,false,Macheke,1/6/2021,4767573785
Roz MacKereth,542-694-0859,rmackerethl0@princeton.edu,21,33,33,false,Borovikha,7/2/2020,4671212919
Sissie Marson,366-764-0653,smarsonl1@telegraph.co.uk,95,49,13,true,Tamandaré,8/25/2020,6550482364
Stafford Taunton.,247-885-1628,stauntonl2@cmu.edu,91,82,11,false,Igoumenítsa,12/15/2020,0044276141
Edwina Fernihough,873-430-1492,efernihoughl3@eepurl.com,57,89,20,true,Huiwen,5/14/2020,4475537134
Caralie Summerill,434-686-6629,csummerilll4@nature.com,13,24,95,false,Berlin,10/12/2020,0653305672
Aryn Boys,655-987-0303,aboysl5@chronoengine.com,72,93,32,true,Čížkovice,5/17/2020,1548366145
Reggy Carff,874-349-7547,rcarffl6@forbes.com,84,51,40,true,Xiangtang,11/26/2020,7143740950
Winifield Tzar,939-318-2292,wtzarl7@businessinsider.com,16,42,64,false,La Cruz de Río Grande,10/13/2020,2169485244
Skipper Longcake,703-976-4015,slongcakel8@4shared.com,56,1,73,false,Kifrī,6/25/2020,3817384467
Aliza Glastonbury,381-420-8226,aglastonburyl9@cyberchimps.com,49,80,91,false,Paicol,6/2/2020,5426987017
Tanya Pear,895-562-6526,tpearla@nifty.com,9,10,33,true,Bentengjawa,5/13/2020,2238201017
Marcela Asmus,863-653-7062,masmuslb@alexa.com,76,15,6,true,Tekeli,7/18/2020,1263739237
Suzann Bertot,209-104-7612,sbertotlc@newyorker.com,26,2,13,true,La Loma,12/28/2020,2766071628
Missie Gwalter,505-747-9216,mgwalterld@rediff.com,9,77,17,false,Quintã,10/21/2020,2285876041
Lynette Corradini,453-491-7119,lcorradinile@newsvine.com,18,16,30,true,Nanjia,6/11/2020,6086145725
Josh Cohen,980-809-8180,jcohenlf@kickstarter.com,25,38,72,false,Songhae,8/8/2020,0676056636
Clarence Mitchener,361-470-9661,cmitchenerlg@ted.com,91,32,72,true,Fernando de Noronha (Distrito Estadual),2/12/2021,7463396118
Gallard Climance,883-790-6543,gclimancelh@simplemachines.org,95,33,71,false,Soito,2/13/2021,9282272656
Janina Halgarth,534-178-2065,jhalgarthli@paypal.com,24,77,48,false,Itaituba,11/7/2020,9424305001
Rozanne De Witt,275-860-8950,rdelj@unc.edu,66,39,74,false,Simrishamn,9/20/2020,7251082837
Meredith MacShane,502-500-3449,mmacshanelk@noaa.gov,17,88,26,true,Louisville,8/3/2020,9491410113
Tuckie Innwood,100-783-3451,tinnwoodll@virginia.edu,24,60,48,false,Tužno,1/9/2021,6800767204
Nerissa Shakespeare,500-305-2224,nshakespearelm@vkontakte.ru,94,100,91,false,Rukem,8/5/2020,7553113700
Claribel Stannis,629-309-6200,cstannisln@vistaprint.com,29,7,44,true,Birendranagar,3/24/2021,0713452307
Priscella Bampfield,414-281-6021,pbampfieldlo@wikimedia.org,34,49,86,false,Fucha,1/29/2021,9132283954
Alexina Levermore,306-408-0948,alevermorelp@businessinsider.com,67,16,23,false,Bontang Baru,1/13/2021,9598164888
Yehudi Armatidge,149-209-9604,yarmatidgelq@state.gov,29,41,72,false,Shahbā,4/12/2020,4922674187
Euphemia Dunbleton,568-944-4577,edunbletonlr@elegantthemes.com,68,39,77,true,Tanout,12/27/2020,1217247289
Sam Fouch,135-356-3398,sfouchls@hud.gov,5,29,33,false,Sungailiat,9/28/2020,4839051933
Torr Dutt,143-777-8538,tduttlt@wsj.com,32,84,26,false,Löddeköpinge,3/18/2021,6169363177
Ive Stobbes,449-117-3657,istobbeslu@usda.gov,34,27,62,false,Fanzhen,1/12/2021,1486659659
Sumner Zambon,575-141-2202,szambonlv@msn.com,24,19,5,false,Stara Kiszewa,5/9/2020,4244132287
Tomlin Dyball,570-788-3682,tdyballlw@mlb.com,100,20,59,true,Santa Quitéria,8/9/2020,1700810510
Gabbie McKelvie,286-585-0967,gmckelvielx@mtv.com,39,28,85,false,Ten’gushevo,7/10/2020,9895864728
Desi Gott,305-394-8498,dgottly@springer.com,3,65,16,false,Kashima-shi,3/30/2021,0880099089
Gabbi Wallbridge,990-447-5703,gwallbridgelz@washington.edu,34,64,72,true,Karnice,1/18/2021,1623002826
Guinna Harverson,300-686-5300,gharversonm0@ftc.gov,1,69,38,false,Kananga,10/17/2020,2460632126
Emmey Bonafant,492-941-9381,ebonafantm1@jigsy.com,52,59,50,true,Panoongan,2/20/2021,2740858493
Giulio Attenbrough,497-219-0251,gattenbroughm2@vinaora.com,30,19,97,false,North Cowichan,2/10/2021,4171484103
Gill Clissell,520-905-4146,gclissellm3@mozilla.com,94,59,71,false,Chak Two Hundred Forty-Nine TDA,8/10/2020,8765359518
Veriee Polye,601-349-4390,vpolyem4@squarespace.com,35,4,31,true,Svetogorsk,8/19/2020,2732124060
Goldy Vondrys,847-929-1834,gvondrysm5@google.ru,38,60,54,false,Ma‘arrat an Nu‘mān,11/24/2020,1849577390
Torrin McClymont,762-452-7593,tmcclymontm6@ezinearticles.com,17,46,60,false,Sambongmulyo,3/11/2021,7356386895
Germaine McGowran,227-992-3792,gmcgowranm7@comcast.net,33,15,71,true,Maigo,3/28/2021,0722752253
Roxanne Dummer,496-496-6984,rdummerm8@deviantart.com,79,4,95,true,Igaraçu do Tietê,4/6/2021,6204756508
Romona O'Donnelly,662-605-9045,rodonnellym9@unesco.org,56,50,85,true,Khŭjand,7/27/2020,8762780522
Simeon Glen,600-985-9669,sglenma@canalblog.com,94,59,55,true,Ciénaga,9/28/2020,5189071669
Karina Bidewell,736-973-5506,kbidewellmb@statcounter.com,24,45,69,false,Manolo Fortich,7/23/2020,3742820206
Emanuele Grigoryov,730-411-2457,egrigoryovmc@huffingtonpost.com,3,67,37,true,Krasnyy Yar,2/25/2021,0014629771
Lorilyn Prendergast,596-216-7375,lprendergastmd@studiopress.com,14,5,49,true,Huangsha,4/17/2020,2113361701
Arlyn Medcalf,731-571-4254,amedcalfme@123-reg.co.uk,35,99,95,false,Bestala,10/29/2020,9469744985
Ladonna Snoddy,643-860-7241,lsnoddymf@facebook.com,58,16,14,false,Tanrake Village,6/27/2020,5185201207
Fons Mowsdell,759-562-4675,fmowsdellmg@blinklist.com,89,8,66,true,Lelydorp,8/26/2020,4730869397
Angelo Simenet,834-450-4951,asimenetmh@dedecms.com,19,41,64,true,Bhimbar,2/28/2021,9279347357
Lois Josselson,986-452-6004,ljosselsonmi@e-recht24.de,35,21,48,true,Fengyang,7/23/2020,3586843321
Bernarr Sherland,983-232-3610,bsherlandmj@unblog.fr,64,23,13,true,Luntai,11/13/2020,0044360428
Bellanca Giveen,350-609-4066,bgiveenmk@china.com.cn,92,40,35,false,Montecristi,8/6/2020,5222672972
Ellynn Windibank,375-509-8213,ewindibankml@cnn.com,87,10,76,false,Guashe,4/21/2020,1231268352
Pet Claris,737-919-5827,pclarismm@census.gov,60,67,23,false,Erdu,5/6/2020,4017761615
Andromache Snalum,195-656-0509,asnalummn@yelp.com,56,77,13,false,Yebaishou,5/19/2020,0135659914
Merrill Connachan,812-989-3981,mconnachanmo@hubpages.com,24,87,29,true,Terre Haute,2/9/2021,4728440346
Wendel Alaway,248-594-4766,walawaymp@constantcontact.com,17,27,57,true,Tabonoc,7/31/2020,9970480774
Markos Winslow,459-276-8851,mwinslowmq@storify.com,40,25,1,false,Andarapa,4/26/2020,3582400565
Austina McDougall,147-719-8891,amcdougallmr@pagesperso-orange.fr,12,11,91,true,Tanahwulan,6/16/2020,8667440124
Myles Grinsdale,602-200-8182,mgrinsdalems@ca.gov,11,90,95,false,Hobo,11/27/2020,9083079090
Emmalynne Cadle,122-871-7030,ecadlemt@skyrock.com,68,48,33,false,Kondinskoye,8/14/2020,2933827506
Jarrad Beel,163-176-7410,jbeelmu@google.com.au,6,92,53,true,Novo-Peredelkino,6/25/2020,5235422473
Pearl Verbeek,576-712-8808,pverbeekmv@biglobe.ne.jp,38,26,9,true,Jinkou,5/20/2020,6330587485
Alissa Jaquin,472-571-4314,ajaquinmw@imgur.com,15,86,69,true,Concepción de la Barranca,6/25/2020,2565020090
Douglass Snedker,290-389-3324,dsnedkermx@skype.com,43,29,58,false,Lishu,11/27/2020,8299544912
Ann-marie Brun,769-560-9133,abrunmy@arstechnica.com,98,8,84,false,Matanzas,5/4/2020,4948240494
Grenville Mendez,869-348-7142,gmendezmz@diigo.com,29,93,99,true,Khairpur Nathan Shāh,11/23/2020,0160618037
Hinze McCullock,322-419-9875,hmccullockn0@elpais.com,46,28,70,false,Odintsovo,1/26/2021,2707645729
Wolfie Saul,524-336-4785,wsauln1@unc.edu,42,57,51,true,Itabaiana,9/3/2020,1237550173
Eddy Gerault,345-696-8627,egeraultn2@examiner.com,75,100,70,true,Bo Phloi,12/11/2020,1268527742
Bailie Dickons,260-509-3027,bdickonsn3@fotki.com,68,20,67,true,Sindangsari,5/22/2020,0536924139
Hersch Brumham,795-645-6035,hbrumhamn4@g.co,98,100,3,true,Tambir,12/17/2020,3347524519
Joyous Prosh,585-400-1742,jproshn5@cloudflare.com,49,85,88,false,Malabonot,10/22/2020,9453375160
Winne Tarbox,722-924-7972,wtarboxn6@i2i.jp,32,61,26,false,Levallois-Perret,6/24/2020,8231592466
Caroljean Taffie,426-472-0185,ctaffien7@hud.gov,12,75,20,true,Magangué,9/20/2020,7033686927
Evaleen Buckhurst,733-104-6050,ebuckhurstn8@shop-pro.jp,49,70,70,false,Vanimo,1/15/2021,5436955606
Alex Davydochkin,634-464-1141,adavydochkinn9@t-online.de,55,60,22,false,Wuli,3/21/2021,8874136382
Ericha Litterick,961-399-5702,elitterickna@nydailynews.com,22,36,95,false,Corquín,9/11/2020,7227361489
Vin De Robertis,105-344-0139,vdenb@amazon.co.jp,26,70,85,false,Uzlovaya,5/14/2020,3329440228
Kit Allbrook,431-845-9244,kallbrooknc@liveinternet.ru,94,50,80,false,Holboo,6/4/2020,3094024920
Adrienne McKeller,618-615-9584,amckellernd@infoseek.co.jp,23,78,51,false,Paoay,11/30/2020,6620489354
Anabelle Muat,122-944-6591,amuatne@constantcontact.com,30,14,14,true,Aguada de Pasajeros,10/5/2020,3192417099
Bertrando MacLaren,566-424-2281,bmaclarennf@admin.ch,58,13,95,true,Yao,11/16/2020,1854649213
Alia Tugwell,318-497-1622,atugwellng@t.co,13,56,85,true,Sendung,3/10/2021,6142909403
Martica Jerrard,316-979-6393,mjerrardnh@fc2.com,71,77,20,true,Valinhos,6/4/2020,7441005035
Sadye Derby,474-763-2619,sderbyni@friendfeed.com,33,93,94,true,Nanortalik,11/11/2020,0873464885
Wileen Janjusevic,102-306-0903,wjanjusevicnj@opera.com,16,3,51,true,Zolotonosha,4/21/2020,2610814496
Ivor Mingo,419-715-3169,imingonk@networksolutions.com,31,46,66,false,Dazhipo,4/14/2020,3652357876
Gillian Leinweber,743-684-9380,gleinwebernl@yahoo.co.jp,49,1,13,true,Yaroslavskiy,6/7/2020,2093697459
Hube Lysaght,465-137-0506,hlysaghtnm@discovery.com,10,89,99,false,El Coco,12/10/2020,6913408137
Enriqueta Trask,813-780-1186,etrasknn@boston.com,31,43,34,true,Yangji,5/23/2020,1547980311
Feodora Greenstreet,314-108-6575,fgreenstreetno@privacy.gov.au,1,67,32,true,Radišići,2/13/2021,1375213695
Abram Peace,397-412-0185,apeacenp@typepad.com,95,83,42,false,Potštát,5/30/2020,5460639034
Ingunna Gallehock,737-443-0258,igallehocknq@java.com,96,95,43,true,Xishan,7/9/2020,7469662049
Sharl Guildford,159-890-0314,sguildfordnr@hubpages.com,37,52,37,false,Farriar,2/18/2021,6233793955
Carline Chene,106-500-1550,cchenens@nydailynews.com,26,57,50,false,Mpanda,2/1/2021,5588334361
Row Hardaway,143-894-2590,rhardawaynt@devhub.com,9,79,67,false,Tétouan,6/18/2020,7945235832
Tomasine Maciejak,475-524-3155,tmaciejaknu@hc360.com,56,20,41,true,Toulouse,10/4/2020,5385424560
Darrin Lishmund,685-856-2944,dlishmundnv@nbcnews.com,40,61,31,false,Kasungu,10/4/2020,9307610134
Violet Bellham,759-958-9794,vbellhamnw@cafepress.com,62,72,75,true,Progreso,10/7/2020,8899792291
Gunilla Gudgion,545-728-2907,ggudgionnx@desdev.cn,32,44,53,false,Nahrīn,9/4/2020,4205015127
Ulrica Jodrellec,982-527-8911,ujodrellecny@webeden.co.uk,70,93,37,false,Shancheng,12/19/2020,5815135615
Tarra O'Luney,299-248-2872,toluneynz@archive.org,84,71,15,false,El Tejocote,8/20/2020,5057741136
Sandy Zotto,516-740-8706,szottoo0@yolasite.com,43,50,98,true,Almirante,8/23/2020,9721588563
Darryl Garnett,532-392-5020,dgarnetto1@hugedomains.com,26,49,7,false,Cesson,10/12/2020,2830012631
Willie Strongitharm,654-498-8059,wstrongitharmo2@sbwire.com,14,63,89,true,Bhāi Pheru,8/25/2020,4673638603
Dredi Kepling,656-723-1531,dkeplingo3@lulu.com,83,57,23,true,Novyy Urengoy,8/31/2020,7831843108
Kori Smyley,369-443-1649,ksmyleyo4@time.com,78,89,31,true,Xinglong,6/7/2020,2243843242
Rayshell Rasor,320-779-9496,rrasoro5@webs.com,95,95,7,false,Hoorn,9/29/2020,7992592220
Viviyan Alvarado,582-182-4070,valvaradoo6@amazon.co.jp,80,58,44,true,Molinos,11/22/2020,4151780599
Rafi Oxnam,384-889-1941,roxnamo7@nifty.com,99,57,32,false,Changjiangbu,7/13/2020,7288637182
Oliver Silwood,303-269-3442,osilwoodo8@cnbc.com,70,45,8,true,Aurora,10/11/2020,6315451373
Raeann Kassman,694-529-5701,rkassmano9@tiny.cc,70,7,35,true,Ribeira do Pombal,5/25/2020,2359049429
Meade Tolfrey,801-385-1890,mtolfreyoa@sakura.ne.jp,51,17,7,false,Ginowan,6/11/2020,3997733864
Maritsa Freddi,238-680-5992,mfreddiob@histats.com,59,5,49,true,Créteil,9/11/2020,7109740692
Marchelle Climie,591-452-1268,mclimieoc@ucoz.com,26,36,40,true,Simnas,7/8/2020,3962790098
Skell Lyffe,525-408-5863,slyffeod@marriott.com,40,11,60,true,Beselga,6/14/2020,9813951966
Shirley Morrison,962-249-0382,smorrisonoe@ox.ac.uk,95,79,23,false,Xuebu,7/18/2020,7046706476
Klarrisa Walton,159-416-9620,kwaltonof@ibm.com,97,50,40,false,Lillehammer,12/31/2020,8615591512
Kalvin Sanday,706-194-8719,ksandayog@intel.com,29,16,6,true,Talok,7/19/2020,7795714439
Arabelle Beardon,758-238-4501,abeardonoh@uol.com.br,20,58,43,true,Doom,12/1/2020,7021078277
Carlos Sey,497-149-3324,cseyoi@bandcamp.com,6,51,78,true,Pirapo,12/27/2020,3490695178
Aldric Tunny,316-387-0086,atunnyoj@oracle.com,41,30,88,false,Sidamulya Satu,8/7/2020,4339416703
Lezlie Creavin,872-822-5000,lcreavinok@e-recht24.de,33,59,100,true,Guayaramerín,8/30/2020,0034254765
Mindy Hambelton,523-487-7234,mhambeltonol@dion.ne.jp,35,27,75,true,Stříbro,12/18/2020,9306440898
Ameline Pedrazzi,736-370-6861,apedrazziom@pagesperso-orange.fr,15,51,17,true,Grande Rivière du Nord,7/4/2020,8622410129
Ronni Meeke,567-687-9740,rmeekeon@bandcamp.com,98,100,92,true,Haghartsin,7/18/2020,8030258356
Sheelagh Manchett,423-326-6682,smanchettoo@icio.us,46,33,91,true,Lāliān,5/27/2020,9792054545
Jeremiah MacMillan,985-156-6697,jmacmillanop@devhub.com,58,14,92,true,Jiulong,7/4/2020,8631603090
Corie Stevens,676-927-6252,cstevensoq@flavors.me,52,8,37,false,Jiangjiazui,6/18/2020,1258650819
Jesse Gall,319-592-6370,jgallor@dyndns.org,34,100,53,true,Ujungpangkah,4/24/2020,1742418058
Perl Buckner,620-213-6972,pbuckneros@ifeng.com,46,8,86,true,Zhifang,11/5/2020,3050789913
Lowe Varfalameev,726-639-5171,lvarfalameevot@fastcompany.com,16,5,68,false,Dalupirip,3/16/2021,1901804879
Merry Wordesworth,403-811-6148,mwordesworthou@techcrunch.com,36,53,68,true,Karnobat,2/17/2021,3601395088
Millie Corten,234-335-8175,mcortenov@umn.edu,2,68,41,false,Gumel,2/12/2021,6580019581
Darryl Dunford,867-615-5146,ddunfordow@paginegialle.it,2,95,78,false,Vale,7/9/2020,2507221380
Sidnee Jenckes,376-573-3824,sjenckesox@army.mil,12,36,13,false,Bosobolo,9/22/2020,5287569238
Johnna Warret,360-409-7577,jwarretoy@npr.org,26,26,21,true,Bijaepasu,6/14/2020,1286936780
Dyna Jardein,339-147-1587,djardeinoz@hao123.com,36,28,9,false,Pajannangger,10/14/2020,7650814300
Beltran Keep,874-767-3838,bkeepp0@com.com,64,25,32,false,Donggaohuang,10/9/2020,7740058327
Tanney Daton,124-144-1979,tdatonp1@yellowbook.com,98,54,100,false,Slavs’ke,6/18/2020,1016796757
Conrado Beldom,384-204-6835,cbeldomp2@gov.uk,18,74,38,false,Dalongdong,6/20/2020,5607257266
Ede Chaucer,300-568-4436,echaucerp3@google.co.uk,28,92,19,false,Nakamura,3/22/2021,0876815093
Orlando Tilby,389-579-5834,otilbyp4@ycombinator.com,93,22,41,true,Suleja,2/17/2021,0679376410
Kore Battison,244-736-5898,kbattisonp5@netlog.com,56,59,100,false,San José de Cusmapa,11/3/2020,0718426797
Cahra Lissett,708-795-5222,clissettp6@kickstarter.com,59,54,36,false,Usagara,11/9/2020,0818844930
Sephira Goodbur,400-534-0278,sgoodburp7@sciencedaily.com,47,19,80,true,Novonukutskiy,12/25/2020,5155080207
Ave Mullineux,616-412-1023,amullineuxp8@ning.com,75,39,81,false,Muaralabuh,3/26/2021,5005890084
Taddeo Guinness,634-350-6946,tguinnessp9@printfriendly.com,90,42,89,false,Margherita,8/14/2020,0134116798
Addy Huxter,884-414-6780,ahuxterpa@time.com,56,67,18,false,Nglego,2/27/2021,9772825856
Manda Beamand,958-540-2248,mbeamandpb@facebook.com,68,48,96,true,Lewolere,11/4/2020,0929306104
Elisa Kissock,496-350-4296,ekissockpc@sakura.ne.jp,59,39,83,false,Bacun,2/2/2021,5151984780
Marlon Keohane,758-933-3543,mkeohanepd@moonfruit.com,16,52,95,false,Deán Funes,5/5/2020,9756498110
Artair Dmitrovic,304-601-7061,admitrovicpe@cdc.gov,48,63,87,false,Depok,3/29/2021,2816912973
Clark Hubberstey,706-625-3013,chubbersteypf@istockphoto.com,28,95,96,false,Dodol,6/16/2020,9279348280
Marshal Kissell,108-199-2416,mkissellpg@dedecms.com,89,1,32,true,Bancar,7/1/2020,5834113648
Lydie Beswell,941-520-3999,lbeswellph@gizmodo.com,30,26,62,true,Pār Naogaon,4/16/2020,8307001838
Nathan O'Coskerry,241-238-4708,nocoskerrypi@discuz.net,33,87,8,false,Osieczany,6/4/2020,1813483744
Dorie Purslow,137-431-7508,dpurslowpj@digg.com,42,95,76,false,Morro Agudo,5/10/2020,1815309121
Dale Wemm,252-776-5520,dwemmpk@xing.com,18,69,94,false,Sułoszowa,12/17/2020,3230785185
Broddy McKinnon,852-195-2939,bmckinnonpl@opensource.org,78,64,18,false,Kalawit,10/13/2020,8703033236
Berrie Bordiss,159-279-2742,bbordisspm@dmoz.org,5,67,86,true,Pellegrini,1/24/2021,1953421199
Grier Spinello,981-521-9829,gspinellopn@1und1.de,38,84,36,false,Podu,11/15/2020,8782737967
Clyde Rymer,704-832-9843,crymerpo@statcounter.com,34,26,67,false,Pleszew,1/8/2021,1968584838
Celene Siseland,242-245-0853,csiselandpp@who.int,19,84,71,true,Moreira de Geraz do Lima,8/11/2020,4080461364
Lukas Tritten,711-435-3273,ltrittenpq@epa.gov,18,40,73,true,Kedatuan,8/11/2020,1947550039
Leslie King,852-525-3318,lkingpr@biglobe.ne.jp,86,84,49,true,Pinghu,10/2/2020,1240759916
Vinny Cawthera,520-925-9745,vcawtheraps@livejournal.com,35,24,58,false,Ban Thaen,9/27/2020,4466971315
Olvan Selland,929-873-9143,osellandpt@nhs.uk,75,94,61,true,Ourinhos,11/27/2020,8844177897
Bill Pitone,492-766-2301,bpitonepu@ucoz.com,44,56,42,true,Neglasari,1/7/2021,0327781920
Lane Kirlin,618-208-8139,lkirlinpv@businessweek.com,92,2,72,false,Alfenas,10/14/2020,1593003269
Nealson Jiras,294-109-9107,njiraspw@deviantart.com,73,68,93,false,San José de Bocay,5/15/2020,4440556620
Torrance Shimon,357-742-4540,tshimonpx@nifty.com,98,23,16,false,Kadaka,4/11/2021,1024837955
Carlyle Yoskowitz,681-254-9006,cyoskowitzpy@nih.gov,5,74,81,true,Sabtang,7/20/2020,2925912753
Trudie Gabel,267-334-3816,tgabelpz@163.com,55,90,67,true,Gunan,3/24/2021,3891563183
Luci Sparwell,747-692-2271,lsparwellq0@yandex.ru,67,18,3,false,Shimoda,1/11/2021,5464187332
Ina Aharoni,892-843-9180,iaharoniq1@tuttocitta.it,46,98,40,false,Geoktschai,7/2/2020,7501121362
Roxi Matson,897-830-8180,rmatsonq2@wikipedia.org,28,14,89,true,El Tablón,10/17/2020,0477701507
Jackquelin Gwilliam,527-895-7152,jgwilliamq3@hc360.com,26,59,5,true,Tall Rif‘at,4/10/2021,8888283986
Daisi Streader,703-326-9563,dstreaderq4@zimbio.com,75,59,42,true,Đống Đa,2/1/2021,4178711768
Allegra Osinin,670-461-8320,aosininq5@pen.io,5,44,7,false,Liperi,8/17/2020,5656262049
Donica Prozescky,985-231-8416,dprozesckyq6@marketwatch.com,77,66,97,true,Geneng Tengah,9/28/2020,3834769835
Alexandr Lake,180-132-3976,alakeq7@typepad.com,38,98,49,true,Yousheng,8/27/2020,2455109542
Maddy Erington,719-128-3838,meringtonq8@reference.com,67,39,62,true,Emmaboda,5/22/2020,6760887263
Alonzo Crannach,921-638-5605,acrannachq9@yandex.ru,62,29,91,false,Limboto,8/24/2020,4418683372
Bernie Zipsell,144-263-1344,bzipsellqa@histats.com,76,73,82,true,Seymchan,7/17/2020,1600281532
Terrell Bulman,126-570-5117,tbulmanqb@bbb.org,89,22,71,false,Beima,10/29/2020,4651284647
Jodee Confait,737-830-6355,jconfaitqc@harvard.edu,37,30,49,false,Obertyn,1/25/2021,2828296709
Ginnifer Duligal,325-579-8367,gduligalqd@reference.com,22,74,79,false,Ronggo,12/28/2020,8502661965
Fin O'Cuddie,732-460-6637,focuddieqe@jimdo.com,34,77,78,true,Datong,7/19/2020,2162827581
Maire Wasielewicz,658-899-2050,mwasielewiczqf@netvibes.com,18,83,35,true,Qorashina,9/29/2020,5135160949
Wilt Eltun,588-142-0167,weltunqg@intel.com,67,82,22,true,Nevel’,5/5/2020,6754273186
Filippo Netting,993-720-5484,fnettingqh@flickr.com,34,87,65,false,Bengtsfors,8/22/2020,8491692924
Carling Glowacz,570-809-7152,cglowaczqi@xing.com,20,32,5,true,San Antonio,8/5/2020,5034821095
Dorey MacCleod,273-323-5061,dmaccleodqj@biglobe.ne.jp,61,47,64,true,Duraznopampa,5/27/2020,3026101214
Kienan Heeps,219-420-1541,kheepsqk@csmonitor.com,2,56,13,false,Hudlice,9/2/2020,6928295554
Afton Dalla,104-242-3668,adallaql@addtoany.com,86,73,16,false,Skanör,2/3/2021,6976945725
Andriette Reedman,832-255-7368,areedmanqm@nymag.com,31,47,11,false,Nguigmi,1/20/2021,1886292337
Terry Cheesley,600-573-1720,tcheesleyqn@cdbaby.com,42,50,39,false,Ojos de Agua,3/15/2021,6615086158
Karin Sholl,624-722-7880,kshollqo@devhub.com,97,26,38,false,Vawkavysk,12/3/2020,1329812522
Burch Whichelow,139-466-5243,bwhichelowqp@joomla.org,27,94,10,true,Engel’s,12/1/2020,4940079465
Prent Chomley,574-107-6185,pchomleyqq@whitehouse.gov,13,46,18,true,Pampas,11/7/2020,2293144720
Brandice Merali,565-641-9860,bmeraliqr@digg.com,51,72,31,true,Magalalag,8/22/2020,0584114397
Wally Dalley,984-774-1333,wdalleyqs@mashable.com,4,61,24,true,Tha Tako,8/22/2020,6245512468
Nathanael Nehlsen,118-806-1842,nnehlsenqt@mapquest.com,86,99,1,false,Shardara,5/27/2020,1532284330
Henry Loverock,883-206-2403,hloverockqu@house.gov,70,7,16,false,Datangzhuang,10/13/2020,0119187647
Anson Winfield,868-202-3791,awinfieldqv@goo.ne.jp,2,61,40,true,Moca,9/24/2020,8486397596
Lidia Boutellier,984-550-3202,lboutellierqw@com.com,77,88,81,false,Manganitu,1/18/2021,6752163812
Brnaby Darthe,909-905-4771,bdartheqx@sun.com,13,97,25,false,Itumbiara,5/23/2020,1948994305
Bernadina Curzon,920-609-3680,bcurzonqy@blogger.com,94,42,54,false,Daphu,10/21/2020,5066491627
Gualterio Haslum,602-779-9117,ghaslumqz@addtoany.com,52,66,74,false,Phoenix,5/15/2020,3649864479
Gabriel Red,174-665-5354,gredr0@netlog.com,49,20,97,true,Powassan,8/15/2020,2867299659
Sharona Risdale,988-156-5132,srisdaler1@angelfire.com,36,34,57,true,Samaipata,11/5/2020,7179834262
Melisande Merrall,866-894-3627,mmerrallr2@gnu.org,19,62,10,true,Hwasun,9/9/2020,8246589261
Dora Gilman,499-663-1155,dgilmanr3@bizjournals.com,54,51,81,true,Pyskowice,1/16/2021,5997555569
Orbadiah Nares,612-508-2311,onaresr4@reddit.com,45,77,55,true,Vilémov,8/18/2020,9209208242
Hermann Monaghan,417-533-6460,hmonaghanr5@noaa.gov,2,41,48,true,Salamanca,4/22/2020,7997282041
Arly Padson,666-578-6725,apadsonr6@gov.uk,69,42,1,false,Bebandem,9/4/2020,9630972506
Aggie Leeder,188-824-8734,aleederr7@ed.gov,38,37,68,false,Bulgan,8/12/2020,5137979066
Israel Ockenden,901-560-8608,iockendenr8@unc.edu,43,40,36,true,Maogou,3/14/2021,4486694260
Leanora Ondrusek,103-919-7771,londrusekr9@reference.com,26,5,67,false,Makrychóri,6/22/2020,5181292992
Caroline Brimilcombe,894-704-7551,cbrimilcombera@cyberchimps.com,1,73,33,false,Padang,12/27/2020,1455486191
Robin Le Noir,269-816-8598,rlerb@home.pl,59,14,89,true,Masḩah,11/30/2020,4312022984
Laurie Meece,596-562-6940,lmeecerc@webnode.com,93,98,33,false,Cane,4/2/2021,4245734787
Shayne Tille,165-919-7504,stillerd@phpbb.com,19,11,36,false,Wien,3/26/2021,2802136895
Conrado Jekyll,722-403-2192,cjekyllre@newyorker.com,38,71,6,true,Tantou,1/19/2021,0495645990
Celka Pittham,345-429-4326,cpitthamrf@engadget.com,38,2,16,false,Timon,2/24/2021,5378797845
Aurora Plitz,182-663-6383,aplitzrg@nbcnews.com,49,85,77,true,Dobre Miasto,8/30/2020,3042008827
Hulda Gallop,148-115-7686,hgalloprh@ezinearticles.com,28,74,80,false,Debrzno,6/10/2020,3685957198
Putnem Otley,571-401-6709,potleyri@themeforest.net,21,61,27,false,Bussum,9/19/2020,3228195880
Lark Coolican,881-829-4414,lcoolicanrj@etsy.com,8,26,21,false,Yiqian,1/24/2021,6859651474
Druci McAless,951-849-5962,dmcalessrk@state.gov,99,100,98,true,Tongyangdao,3/25/2021,4146552745
Beatrice Shave,155-382-4668,bshaverl@latimes.com,90,21,57,false,Gornji Milanovac,2/20/2021,4815082030
Raf Leward,759-110-8547,rlewardrm@amazon.co.jp,13,22,33,false,Kilifi,5/12/2020,3831573220
Erasmus De Roeck,240-575-2708,edern@amazon.com,98,16,13,false,Colonia Mauricio José Troche,6/5/2020,2245593073
Bonita Moralis,348-274-2034,bmoralisro@indiatimes.com,14,34,28,false,Shabel’skoye,8/24/2020,1139481975
Evvy Kellock,990-712-6798,ekellockrp@archive.org,7,1,38,true,Antagan Segunda,1/20/2021,5469505324
Frasco Lenahan,384-622-7567,flenahanrq@wisc.edu,67,89,49,false,Huazhai,1/22/2021,2403226602
Ganny Meece,883-740-0786,gmeecerr@washington.edu,29,86,50,true,Longcheng,11/2/2020,7627120462
